DATETIME,price
2013-01-01 09:15:00,384.95
2013-01-02 09:15:00,383.7
2013-01-03 09:15:00,390.1
2013-01-04 09:15:00,393.5
2013-01-07 09:15:00,389.95
2013-01-08 09:15:00,398.7
2013-01-09 09:15:00,403.65
2013-01-10 09:15:00,396.0
2013-01-11 09:15:00,397.65
2013-01-14 09:15:00,397.9
2013-01-15 09:15:00,399.85
2013-01-16 09:15:00,399.85
2013-01-17 09:15:00,383.45
2013-01-18 09:15:00,382.2
2013-01-21 09:15:00,373.1
2013-01-22 09:15:00,375.55
2013-01-23 09:15:00,373.9
2013-01-24 09:15:00,357.9
2013-01-25 09:15:00,369.35
2013-01-28 09:15:00,367.0
2013-01-29 09:15:00,370.4
2013-01-30 09:15:00,368.6
2013-01-31 09:15:00,372.95
2013-02-01 09:15:00,369.35
2013-02-04 09:15:00,368.35
2013-02-05 09:15:00,365.0
2013-02-06 09:15:00,365.7
2013-02-07 09:15:00,358.3
2013-02-08 09:15:00,355.9
2013-02-11 09:15:00,348.3
2013-02-12 09:15:00,346.9
2013-02-13 09:15:00,360.05
2013-02-14 09:15:00,343.0
2013-02-15 09:15:00,358.5
2013-02-18 09:15:00,357.4
2013-02-19 09:15:00,364.1
2013-02-20 09:15:00,368.2
2013-02-21 09:15:00,371.05
2013-02-22 09:15:00,366.35
2013-02-25 09:15:00,377.4
2013-02-26 09:15:00,377.1
2013-02-27 09:15:00,377.3
2013-02-28 09:15:00,378.75
2013-03-01 09:15:00,382.0
2013-03-04 09:15:00,382.85
2013-03-05 09:15:00,397.75
2013-03-06 09:15:00,397.05
2013-03-07 09:15:00,393.85
2013-03-08 09:15:00,397.9
2013-03-11 09:15:00,405.15
2013-03-12 09:15:00,396.15
2013-03-13 09:15:00,385.15
2013-03-14 09:15:00,381.1
2013-03-15 09:15:00,391.85
2013-03-18 09:15:00,395.9
2013-03-19 09:15:00,398.2
2013-03-20 09:15:00,397.35
2013-03-21 09:15:00,393.8
2013-03-22 09:15:00,389.9
2013-03-25 09:15:00,398.2
2013-03-26 09:15:00,399.85
2013-03-28 09:15:00,391.6
2013-04-01 09:15:00,387.5
2013-04-02 09:15:00,400.6
2013-04-03 09:15:00,393.05
2013-04-04 09:15:00,384.75
2013-04-05 09:15:00,382.55
2013-04-08 09:15:00,375.05
2013-04-09 09:15:00,372.85
2013-04-10 09:15:00,369.5
2013-04-11 09:15:00,368.8
2013-04-12 09:15:00,361.35
2013-04-15 09:15:00,358.65
2013-04-16 09:15:00,363.75
2013-04-17 09:15:00,357.9
2013-04-18 09:15:00,356.7
2013-04-22 09:15:00,361.2
2013-04-23 09:15:00,374.05
2013-04-25 09:15:00,369.85
2013-04-26 09:15:00,376.3
2013-04-29 09:15:00,374.7
2013-04-30 09:15:00,374.15
2013-05-02 09:15:00,379.15
2013-05-03 09:15:00,378.9
2013-05-06 09:15:00,377.3
2013-05-07 09:15:00,418.35
2013-05-08 09:15:00,418.2
2013-05-09 09:15:00,406.35
2013-05-10 09:15:00,436.2
2013-05-11 09:15:00,430.2
2013-05-13 09:15:00,429.2
2013-05-14 09:15:00,430.05
2013-05-15 09:15:00,428.0
2013-05-16 09:15:00,448.6
2013-05-17 09:15:00,448.5
2013-05-20 09:15:00,447.9
2013-05-21 09:15:00,456.95
2013-05-22 09:15:00,453.1
2013-05-23 09:15:00,435.65
2013-05-24 09:15:00,440.95
2013-05-27 09:15:00,441.45
2013-05-28 09:15:00,436.0
2013-05-29 09:15:00,449.1
2013-05-30 09:15:00,489.45
2013-05-31 09:15:00,487.2
2013-06-03 09:15:00,477.8
2013-06-04 09:15:00,459.85
2013-06-05 09:15:00,463.75
2013-06-06 09:15:00,457.15
2013-06-07 09:15:00,443.9
2013-06-10 09:15:00,435.05
2013-06-11 09:15:00,421.7
2013-06-12 09:15:00,411.05
2013-06-13 09:15:00,386.5
2013-06-14 09:15:00,388.15
2013-06-17 09:15:00,385.65
2013-06-18 09:15:00,391.85
2013-06-19 09:15:00,398.0
2013-06-20 09:15:00,391.2
2013-06-21 09:15:00,389.85
2013-06-24 09:15:00,378.2
2013-06-25 09:15:00,383.0
2013-06-26 09:15:00,367.2
2013-06-27 09:15:00,363.0
2013-06-28 09:15:00,371.95
2013-07-01 09:15:00,370.35
2013-07-02 09:15:00,370.6
2013-07-03 09:15:00,370.5
2013-07-04 09:15:00,372.1
2013-07-05 09:15:00,371.25
2013-07-08 09:15:00,377.85
2013-07-09 09:15:00,392.35
2013-07-10 09:15:00,395.05
2013-07-11 09:15:00,393.75
2013-07-12 09:15:00,414.05
2013-07-15 09:15:00,410.75
2013-07-16 09:15:00,413.5
2013-07-17 09:15:00,415.35
2013-07-18 09:15:00,421.95
2013-07-19 09:15:00,407.25
2013-07-22 09:15:00,418.15
2013-07-23 09:15:00,408.95
2013-07-24 09:15:00,405.6
2013-07-25 09:15:00,391.9
2013-07-26 09:15:00,403.55
2013-07-29 09:15:00,387.5
2013-07-30 09:15:00,402.05
2013-07-31 09:15:00,400.85
2013-08-01 09:15:00,401.2
2013-08-02 09:15:00,408.8
2013-08-05 09:15:00,406.85
2013-08-06 09:15:00,397.85
2013-08-07 09:15:00,407.95
2013-08-08 09:15:00,405.5
2013-08-12 09:15:00,407.3
2013-08-13 09:15:00,400.65
2013-08-14 09:15:00,399.8
2013-08-16 09:15:00,394.2
2013-08-19 09:15:00,382.2
2013-08-20 09:15:00,372.4
2013-08-21 09:15:00,373.6
2013-08-22 09:15:00,387.25
2013-08-23 09:15:00,397.6
2013-08-26 09:15:00,400.5
2013-08-27 09:15:00,394.95
2013-08-28 09:15:00,412.55
2013-08-29 09:15:00,422.2
2013-08-30 09:15:00,420.8
2013-09-02 09:15:00,435.1
2013-09-03 09:15:00,444.65
2013-09-04 09:15:00,431.0
2013-09-05 09:15:00,426.6
2013-09-06 09:15:00,417.5
2013-09-10 09:15:00,426.85
2013-09-11 09:15:00,440.05
2013-09-12 09:15:00,438.95
2013-09-13 09:15:00,447.75
2013-09-16 09:15:00,441.6
2013-09-17 09:15:00,439.8
2013-09-18 09:15:00,446.05
2013-09-19 09:15:00,436.45
2013-09-20 09:15:00,429.4
2013-09-23 09:15:00,431.9
2013-09-24 09:15:00,423.3
2013-09-25 09:15:00,434.8
2013-09-26 09:15:00,428.35
2013-09-27 09:15:00,430.65
2013-09-30 09:15:00,438.75
2013-10-01 09:15:00,453.15
2013-10-03 09:15:00,456.6
2013-10-04 09:15:00,447.6
2013-10-07 09:15:00,438.75
2013-10-08 09:15:00,446.3
2013-10-09 09:15:00,437.55
2013-10-10 09:15:00,448.4
2013-10-11 09:15:00,446.65
2013-10-14 09:15:00,449.7
2013-10-15 09:15:00,450.1
2013-10-17 09:15:00,449.0
2013-10-18 09:15:00,446.65
2013-10-21 09:15:00,448.5
2013-10-22 09:15:00,439.1
2013-10-23 09:15:00,440.65
2013-10-24 09:15:00,441.9
2013-10-25 09:15:00,429.2
2013-10-28 09:15:00,425.7
2013-10-29 09:15:00,425.9
2013-10-30 09:15:00,422.45
2013-10-31 09:15:00,423.4
2013-11-01 09:15:00,426.55
2013-11-03 09:15:00,430.95
2013-11-05 09:15:00,421.25
2013-11-06 09:15:00,419.55
2013-11-07 09:15:00,415.85
2013-11-08 09:15:00,411.75
2013-11-11 09:15:00,412.85
2013-11-12 09:15:00,413.15
2013-11-13 09:15:00,422.45
2013-11-14 09:15:00,418.65
2013-11-18 09:15:00,416.35
2013-11-19 09:15:00,413.25
2013-11-20 09:15:00,414.7
2013-11-21 09:15:00,413.4
2013-11-22 09:15:00,412.7
2013-11-25 09:15:00,405.45
2013-11-26 09:15:00,391.2
2013-11-27 09:15:00,394.75
2013-11-28 09:15:00,397.4
2013-11-29 09:15:00,399.45
2013-12-02 09:15:00,398.3
2013-12-03 09:15:00,399.45
2013-12-04 09:15:00,400.15
2013-12-05 09:15:00,402.4
2013-12-06 09:15:00,395.3
2013-12-09 09:15:00,392.25
2013-12-10 09:15:00,393.15
2013-12-11 09:15:00,393.05
2013-12-12 09:15:00,390.25
2013-12-13 09:15:00,382.3
2013-12-16 09:15:00,380.15
2013-12-17 09:15:00,379.6
2013-12-18 09:15:00,398.5
2013-12-19 09:15:00,408.7
2013-12-20 09:15:00,407.95
2013-12-23 09:15:00,414.75
2013-12-24 09:15:00,430.35
2013-12-26 09:15:00,425.3
2013-12-27 09:15:00,423.05
2013-12-30 09:15:00,432.0
2013-12-31 09:15:00,440.0
2014-01-01 09:15:00,438.85
2014-01-02 09:15:00,429.0
2014-01-03 09:15:00,425.05
2014-01-06 09:15:00,426.85
2014-01-07 09:15:00,434.1
2014-01-08 09:15:00,434.3
2014-01-09 09:15:00,433.65
2014-01-10 09:15:00,429.65
2014-01-13 09:15:00,437.75
2014-01-14 09:15:00,422.75
2014-01-15 09:15:00,417.85
2014-01-16 09:15:00,416.0
2014-01-17 09:15:00,409.0
2014-01-20 09:15:00,416.5
2014-01-21 09:15:00,421.9
2014-01-22 09:15:00,397.85
2014-01-23 09:15:00,392.9
2014-01-24 09:15:00,383.0
2014-01-27 09:15:00,375.55
2014-01-28 09:15:00,379.85
2014-01-29 09:15:00,374.9
2014-01-30 09:15:00,370.0
2014-01-31 09:15:00,370.45
2014-02-03 09:15:00,370.75
2014-02-04 09:15:00,380.45
2014-02-05 09:15:00,379.65
2014-02-06 09:15:00,379.9
2014-02-07 09:15:00,380.1
2014-02-10 09:15:00,380.75
2014-02-11 09:15:00,379.3
2014-02-12 09:15:00,380.95
2014-02-13 09:15:00,379.45
2014-02-14 09:15:00,383.1
2014-02-17 09:15:00,399.2
2014-02-18 09:15:00,397.95
2014-02-19 09:15:00,393.35
2014-02-20 09:15:00,395.05
2014-02-21 09:15:00,399.35
2014-02-24 09:15:00,392.5
2014-02-25 09:15:00,392.15
2014-02-26 09:15:00,391.75
2014-02-28 09:15:00,387.85
2014-03-03 09:15:00,382.45
2014-03-04 09:15:00,386.05
2014-03-05 09:15:00,416.05
2014-03-06 09:15:00,413.65
2014-03-07 09:15:00,403.55
2014-03-10 09:15:00,403.95
2014-03-11 09:15:00,401.3
2014-03-12 09:15:00,404.5
2014-03-13 09:15:00,394.0
2014-03-14 09:15:00,394.15
2014-03-18 09:15:00,403.65
2014-03-19 09:15:00,392.65
2014-03-20 09:15:00,395.15
2014-03-21 09:15:00,377.1
2014-03-22 09:15:00,385.55
2014-03-24 09:15:00,391.0
2014-03-25 09:15:00,398.85
2014-03-26 09:15:00,401.3
2014-03-27 09:15:00,404.45
2014-03-28 09:15:00,404.5
2014-03-31 09:15:00,404.0
2014-04-01 09:15:00,402.95
2014-04-02 09:15:00,427.3
2014-04-03 09:15:00,414.0
2014-04-04 09:15:00,411.2
2014-04-07 09:15:00,407.95
2014-04-09 09:15:00,413.3
2014-04-10 09:15:00,415.7
2014-04-11 09:15:00,418.95
2014-04-15 09:15:00,414.15
2014-04-16 09:15:00,415.2
2014-04-17 09:15:00,413.85
2014-04-21 09:15:00,405.55
2014-04-22 09:15:00,406.3
2014-04-23 09:15:00,408.4
2014-04-25 09:15:00,406.7
2014-04-28 09:15:00,416.9
2014-04-29 09:15:00,413.45
2014-04-30 09:15:00,412.7
2014-05-02 09:15:00,414.0
2014-05-05 09:15:00,411.35
2014-05-06 09:15:00,415.85
2014-05-07 09:15:00,405.2
2014-05-08 09:15:00,403.1
2014-05-09 09:15:00,396.3
2014-05-12 09:15:00,395.2
2014-05-13 09:15:00,394.9
2014-05-14 09:15:00,393.55
2014-05-15 09:15:00,388.15
2014-05-16 09:15:00,384.95
2014-05-19 09:15:00,373.95
2014-05-20 09:15:00,381.3
2014-05-21 09:15:00,380.05
2014-05-22 09:15:00,394.7
2014-05-23 09:15:00,400.25
2014-05-26 09:15:00,400.2
2014-05-27 09:15:00,404.75
2014-05-28 09:15:00,409.0
2014-05-29 09:15:00,407.5
2014-05-30 09:15:00,440.9
2014-06-02 09:15:00,433.75
2014-06-03 09:15:00,421.95
2014-06-04 09:15:00,425.0
2014-06-05 09:15:00,431.1
2014-06-06 09:15:00,441.5
2014-06-09 09:15:00,436.55
2014-06-10 09:15:00,437.3
2014-06-11 09:15:00,449.75
2014-06-12 09:15:00,445.4
2014-06-13 09:15:00,443.65
2014-06-16 09:15:00,451.2
2014-06-17 09:15:00,450.7
2014-06-18 09:15:00,449.75
2014-06-19 09:15:00,440.15
2014-06-20 09:15:00,431.45
2014-06-23 09:15:00,424.2
2014-06-24 09:15:00,420.05
2014-06-25 09:15:00,415.95
2014-06-26 09:15:00,414.25
2014-06-27 09:15:00,412.75
2014-06-30 09:15:00,425.65
2014-07-01 09:15:00,420.05
2014-07-02 09:15:00,434.85
2014-07-03 09:15:00,425.5
2014-07-04 09:15:00,428.35
2014-07-07 09:15:00,431.0
2014-07-08 09:15:00,417.0
2014-07-09 09:15:00,417.35
2014-07-10 09:15:00,419.75
2014-07-11 09:15:00,406.1
2014-07-14 09:15:00,408.7
2014-07-15 09:15:00,436.4
2014-07-16 09:15:00,435.0
2014-07-17 09:15:00,464.45
2014-07-18 09:15:00,458.3
2014-07-21 09:15:00,446.1
2014-07-22 09:15:00,457.35
2014-07-23 09:15:00,464.95
2014-07-24 09:15:00,459.25
2014-07-25 09:15:00,447.8
2014-07-28 09:15:00,459.9
2014-07-30 09:15:00,454.45
2014-07-31 09:15:00,457.35
2014-08-01 09:15:00,443.5
2014-08-04 09:15:00,440.95
2014-08-05 09:15:00,442.9
2014-08-06 09:15:00,440.05
2014-08-07 09:15:00,432.5
2014-08-08 09:15:00,430.7
2014-08-11 09:15:00,426.75
2014-08-12 09:15:00,429.75
2014-08-13 09:15:00,429.8
2014-08-14 09:15:00,423.15
2014-08-18 09:15:00,435.15
2014-08-19 09:15:00,437.6
2014-08-20 09:15:00,444.4
2014-08-21 09:15:00,444.2
2014-08-22 09:15:00,442.6
2014-08-25 09:15:00,439.15
2014-08-26 09:15:00,433.55
2014-08-27 09:15:00,451.5
2014-08-28 09:15:00,445.6
2014-09-01 09:15:00,449.25
2014-09-02 09:15:00,447.0
2014-09-03 09:15:00,449.55
2014-09-04 09:15:00,450.35
2014-09-05 09:15:00,452.6
2014-09-08 09:15:00,449.75
2014-09-09 09:15:00,448.05
2014-09-10 09:15:00,448.45
2014-09-11 09:15:00,448.3
2014-09-12 09:15:00,446.05
2014-09-15 09:15:00,442.25
2014-09-16 09:15:00,432.35
2014-09-17 09:15:00,431.1
2014-09-18 09:15:00,435.8
2014-09-19 09:15:00,444.7
2014-09-22 09:15:00,448.9
2014-09-23 09:15:00,444.3
2014-09-24 09:15:00,443.9
2014-09-25 09:15:00,437.25
2014-09-26 09:15:00,434.75
2014-09-29 09:15:00,432.55
2014-09-30 09:15:00,429.1
2014-10-01 09:15:00,422.75
2014-10-07 09:15:00,399.7
2014-10-08 09:15:00,404.65
2014-10-09 09:15:00,412.0
2014-10-10 09:15:00,416.25
2014-10-13 09:15:00,419.85
2014-10-14 09:15:00,410.75
2014-10-16 09:15:00,406.5
2014-10-17 09:15:00,401.55
2014-10-20 09:15:00,399.15
2014-10-21 09:15:00,404.75
2014-10-22 09:15:00,407.15
2014-10-23 09:15:00,410.85
2014-10-27 09:15:00,403.85
2014-10-28 09:15:00,406.7
2014-10-29 09:15:00,414.1
2014-10-30 09:15:00,408.35
2014-10-31 09:15:00,400.9
2014-11-03 09:15:00,408.2
2014-11-05 09:15:00,402.35
2014-11-07 09:15:00,404.65
2014-11-10 09:15:00,400.0
2014-11-11 09:15:00,398.45
2014-11-12 09:15:00,398.25
2014-11-13 09:15:00,397.8
2014-11-14 09:15:00,401.75
2014-11-17 09:15:00,400.3
2014-11-18 09:15:00,400.4
2014-11-19 09:15:00,405.15
2014-11-20 09:15:00,398.5
2014-11-21 09:15:00,408.75
2014-11-24 09:15:00,414.45
2014-11-25 09:15:00,414.75
2014-11-26 09:15:00,405.2
2014-11-27 09:15:00,404.95
2014-11-28 09:15:00,404.2
2014-12-01 09:15:00,401.95
2014-12-02 09:15:00,403.3
2014-12-03 09:15:00,406.3
2014-12-04 09:15:00,405.25
2014-12-05 09:15:00,401.5
2014-12-08 09:15:00,398.0
2014-12-09 09:15:00,400.9
2014-12-10 09:15:00,395.55
2014-12-11 09:15:00,387.2
2014-12-12 09:15:00,378.15
2014-12-15 09:15:00,359.85
2014-12-16 09:15:00,348.05
2014-12-17 09:15:00,342.1
2014-12-18 09:15:00,352.15
2014-12-19 09:15:00,364.85
2014-12-22 09:15:00,359.4
2014-12-23 09:15:00,361.35
2014-12-24 09:15:00,366.75
2014-12-26 09:15:00,363.75
2014-12-29 09:15:00,365.15
2014-12-30 09:15:00,371.8
2014-12-31 09:15:00,385.45
2015-01-01 09:15:00,391.65
2015-01-02 09:15:00,390.1
2015-01-05 09:15:00,391.45
2015-01-06 09:15:00,388.55
2015-01-07 09:15:00,385.75
2015-01-08 09:15:00,382.65
2015-01-09 09:15:00,382.45
2015-01-12 09:15:00,377.65
2015-01-13 09:15:00,383.4
2015-01-14 09:15:00,379.6
2015-01-15 09:15:00,376.95
2015-01-16 09:15:00,378.65
2015-01-19 09:15:00,372.55
2015-01-20 09:15:00,369.3
2015-01-21 09:15:00,369.8
2015-01-22 09:15:00,362.2
2015-01-23 09:15:00,363.2
2015-01-27 09:15:00,359.7
2015-01-28 09:15:00,361.95
2015-01-29 09:15:00,361.1
2015-01-30 09:15:00,362.55
2015-02-02 09:15:00,348.0
2015-02-03 09:15:00,340.35
2015-02-04 09:15:00,347.3
2015-02-05 09:15:00,354.35
2015-02-06 09:15:00,352.25
2015-02-09 09:15:00,345.55
2015-02-10 09:15:00,347.45
2015-02-11 09:15:00,346.45
2015-02-12 09:15:00,344.95
2015-02-13 09:15:00,357.8
2015-02-16 09:15:00,366.9
2015-02-18 09:15:00,376.35
2015-02-19 09:15:00,377.95
2015-02-20 09:15:00,377.15
2015-02-23 09:15:00,389.65
2015-02-24 09:15:00,389.95
2015-02-25 09:15:00,382.75
2015-02-26 09:15:00,389.55
2015-02-27 09:15:00,383.85
2015-02-28 09:15:00,379.65
2015-03-02 09:15:00,384.45
2015-03-03 09:15:00,388.35
2015-03-04 09:15:00,388.75
2015-03-05 09:15:00,391.9
2015-03-09 09:15:00,398.95
2015-03-10 09:15:00,402.25
2015-03-11 09:15:00,393.15
2015-03-12 09:15:00,391.8
2015-03-13 09:15:00,388.05
2015-03-16 09:15:00,385.8
2015-03-17 09:15:00,385.2
2015-03-18 09:15:00,388.15
2015-03-19 09:15:00,385.3
2015-03-20 09:15:00,387.4
2015-03-23 09:15:00,386.75
2015-03-24 09:15:00,380.85
2015-03-25 09:15:00,380.55
2015-03-26 09:15:00,375.5
2015-03-27 09:15:00,380.7
2015-03-30 09:15:00,379.85
2015-03-31 09:15:00,385.4
2015-04-01 09:15:00,391.4
2015-04-06 09:15:00,390.25
2015-04-07 09:15:00,392.45
2015-04-08 09:15:00,389.95
2015-04-09 09:15:00,387.2
2015-04-10 09:15:00,393.65
2015-04-13 09:15:00,385.25
2015-04-15 09:15:00,392.5
2015-04-16 09:15:00,395.25
2015-04-17 09:15:00,394.2
2015-04-20 09:15:00,391.2
2015-04-21 09:15:00,395.85
2015-04-22 09:15:00,390.65
2015-04-23 09:15:00,395.45
2015-04-24 09:15:00,389.35
2015-04-27 09:15:00,387.35
2015-04-28 09:15:00,387.55
2015-04-29 09:15:00,386.95
2015-04-30 09:15:00,394.95
2015-05-04 09:15:00,391.75
2015-05-05 09:15:00,394.0
2015-05-06 09:15:00,386.5
2015-05-07 09:15:00,385.0
2015-05-08 09:15:00,389.85
2015-05-11 09:15:00,387.55
2015-05-12 09:15:00,386.0
2015-05-13 09:15:00,386.25
2015-05-14 09:15:00,384.6
2015-05-15 09:15:00,381.25
2015-05-18 09:15:00,384.6
2015-05-19 09:15:00,374.3
2015-05-20 09:15:00,377.75
2015-05-21 09:15:00,374.15
2015-05-22 09:15:00,369.8
2015-05-25 09:15:00,376.8
2015-05-26 09:15:00,376.55
2015-05-27 09:15:00,377.2
2015-05-28 09:15:00,374.6
2015-05-29 09:15:00,369.75
2015-06-01 09:15:00,369.55
2015-06-02 09:15:00,365.65
2015-06-03 09:15:00,370.0
2015-06-04 09:15:00,372.95
2015-06-05 09:15:00,371.1
2015-06-08 09:15:00,369.75
2015-06-09 09:15:00,372.35
2015-06-10 09:15:00,375.75
2015-06-11 09:15:00,377.2
2015-06-12 09:15:00,375.05
2015-06-15 09:15:00,378.55
2015-06-16 09:15:00,380.5
2015-06-17 09:15:00,380.2
2015-06-18 09:15:00,384.7
2015-06-19 09:15:00,396.8
2015-06-22 09:15:00,395.75
2015-06-23 09:15:00,403.9
2015-06-24 09:15:00,403.65
2015-06-25 09:15:00,399.8
2015-06-26 09:15:00,396.8
2015-06-29 09:15:00,387.45
2015-06-30 09:15:00,410.75
2015-07-01 09:15:00,411.75
2015-07-02 09:15:00,412.45
2015-07-03 09:15:00,411.95
2015-07-06 09:15:00,409.4
2015-07-07 09:15:00,409.7
2015-07-08 09:15:00,401.5
2015-07-09 09:15:00,396.3
2015-07-10 09:15:00,403.6
2015-07-13 09:15:00,403.0
2015-07-14 09:15:00,410.55
2015-07-15 09:15:00,408.1
2015-07-16 09:15:00,406.4
2015-07-17 09:15:00,411.4
2015-07-20 09:15:00,414.1
2015-07-21 09:15:00,420.95
2015-07-22 09:15:00,430.2
2015-07-23 09:15:00,422.55
2015-07-24 09:15:00,414.65
2015-07-27 09:15:00,406.7
2015-07-28 09:15:00,396.35
2015-07-29 09:15:00,413.05
2015-07-30 09:15:00,413.25
2015-07-31 09:15:00,420.2
2015-08-03 09:15:00,428.95
2015-08-04 09:15:00,435.2
2015-08-05 09:15:00,428.75
2015-08-06 09:15:00,426.45
2015-08-07 09:15:00,426.6
2015-08-10 09:15:00,424.1
2015-08-11 09:15:00,423.5
2015-08-12 09:15:00,422.45
2015-08-13 09:15:00,422.3
2015-08-14 09:15:00,424.75
2015-08-17 09:15:00,424.5
2015-08-18 09:15:00,425.2
2015-08-19 09:15:00,422.95
2015-08-20 09:15:00,425.5
2015-08-21 09:15:00,424.55
2015-08-24 09:15:00,411.05
2015-08-25 09:15:00,416.1
2015-08-26 09:15:00,408.7
2015-08-27 09:15:00,414.65
2015-08-28 09:15:00,421.6
2015-08-31 09:15:00,422.95
2015-09-01 09:15:00,420.0
2015-09-02 09:15:00,421.65
2015-09-03 09:15:00,424.5
2015-09-04 09:15:00,407.95
2015-09-07 09:15:00,397.55
2015-09-08 09:15:00,404.0
2015-09-09 09:15:00,406.45
2015-09-10 09:15:00,405.6
2015-09-11 09:15:00,407.05
2015-09-14 09:15:00,405.5
2015-09-15 09:15:00,402.95
2015-09-16 09:15:00,397.7
2015-09-18 09:15:00,406.85
2015-09-21 09:15:00,401.2
2015-09-22 09:15:00,406.9
2015-09-23 09:15:00,406.85
2015-09-24 09:15:00,406.25
2015-09-28 09:15:00,407.2
2015-09-29 09:15:00,405.3
2015-09-30 09:15:00,410.25
2015-10-01 09:15:00,409.65
2015-10-05 09:15:00,416.15
2015-10-06 09:15:00,414.15
2015-10-07 09:15:00,408.8
2015-10-08 09:15:00,410.85
2015-10-09 09:15:00,415.35
2015-10-12 09:15:00,409.9
2015-10-13 09:15:00,408.0
2015-10-14 09:15:00,400.05
2015-10-15 09:15:00,406.95
2015-10-16 09:15:00,411.75
2015-10-19 09:15:00,422.9
2015-10-20 09:15:00,417.15
2015-10-21 09:15:00,459.15
2015-10-23 09:15:00,450.3
2015-10-26 09:15:00,454.7
2015-10-27 09:15:00,450.6
2015-10-28 09:15:00,450.9
2015-10-29 09:15:00,516.4
2015-10-30 09:15:00,474.4
2015-11-02 09:15:00,499.4
2015-11-03 09:15:00,491.85
2015-11-04 09:15:00,482.7
2015-11-05 09:15:00,484.5
2015-11-06 09:15:00,476.05
2015-11-09 09:15:00,487.85
2015-11-10 09:15:00,474.7
2015-11-11 09:15:00,479.75
2015-11-13 09:15:00,487.45
2015-11-16 09:15:00,514.1
2015-11-17 09:15:00,515.35
2015-11-18 09:15:00,511.0
2015-11-19 09:15:00,507.45
2015-11-20 09:15:00,498.85
2015-11-23 09:15:00,508.5
2015-11-24 09:15:00,515.5
2015-11-26 09:15:00,504.2
2015-11-27 09:15:00,503.5
2015-11-30 09:15:00,498.05
2015-12-01 09:15:00,500.0
2015-12-02 09:15:00,498.75
2015-12-03 09:15:00,498.55
2015-12-04 09:15:00,481.9
2015-12-07 09:15:00,480.05
2015-12-08 09:15:00,469.2
2015-12-09 09:15:00,479.15
2015-12-10 09:15:00,477.65
2015-12-11 09:15:00,473.05
2015-12-14 09:15:00,477.1
2015-12-15 09:15:00,481.25
2015-12-16 09:15:00,476.45
2015-12-17 09:15:00,496.8
2015-12-18 09:15:00,498.95
2015-12-21 09:15:00,490.95
2015-12-22 09:15:00,492.85
2015-12-23 09:15:00,494.75
2015-12-24 09:15:00,491.55
2015-12-28 09:15:00,492.2
2015-12-29 09:15:00,489.25
2015-12-30 09:15:00,497.85
2015-12-31 09:15:00,497.55
2016-01-01 09:15:00,496.35
2016-01-04 09:15:00,497.3
2016-01-05 09:15:00,491.65
2016-01-06 09:15:00,477.75
2016-01-07 09:15:00,458.4
2016-01-08 09:15:00,468.95
2016-01-11 09:15:00,467.95
2016-01-12 09:15:00,471.6
2016-01-13 09:15:00,448.0
2016-01-14 09:15:00,465.95
2016-01-15 09:15:00,459.05
2016-01-18 09:15:00,447.75
2016-01-19 09:15:00,450.95
2016-01-20 09:15:00,447.9
2016-01-21 09:15:00,453.1
2016-01-22 09:15:00,454.4
2016-01-25 09:15:00,457.1
2016-01-27 09:15:00,451.05
2016-01-28 09:15:00,451.1
2016-01-29 09:15:00,456.15
2016-02-01 09:15:00,452.6
2016-02-02 09:15:00,451.5
2016-02-03 09:15:00,437.05
2016-02-04 09:15:00,451.3
2016-02-05 09:15:00,439.5
2016-02-08 09:15:00,443.4
2016-02-09 09:15:00,436.85
2016-02-10 09:15:00,430.35
2016-02-11 09:15:00,429.45
2016-02-12 09:15:00,432.55
2016-02-15 09:15:00,439.55
2016-02-16 09:15:00,415.75
2016-02-17 09:15:00,420.6
2016-02-18 09:15:00,443.5
2016-02-19 09:15:00,421.55
2016-02-22 09:15:00,422.5
2016-02-23 09:15:00,434.05
2016-02-24 09:15:00,439.65
2016-02-25 09:15:00,423.15
2016-02-26 09:15:00,423.35
2016-02-29 09:15:00,420.6
2016-03-01 09:15:00,440.55
2016-03-02 09:15:00,433.85
2016-03-03 09:15:00,442.25
2016-03-04 09:15:00,429.25
2016-03-08 09:15:00,443.85
2016-03-09 09:15:00,446.85
2016-03-10 09:15:00,446.8
2016-03-11 09:15:00,448.15
2016-03-14 09:15:00,451.65
2016-03-15 09:15:00,458.7
2016-03-16 09:15:00,468.0
2016-03-17 09:15:00,492.25
2016-03-18 09:15:00,491.5
2016-03-21 09:15:00,459.05
2016-03-22 09:15:00,468.7
2016-03-23 09:15:00,501.0
2016-03-28 09:15:00,496.25
2016-03-29 09:15:00,511.2
2016-03-30 09:15:00,504.85
2016-03-31 09:15:00,491.8
2016-04-01 09:15:00,468.35
2016-04-04 09:15:00,454.7
2016-04-05 09:15:00,457.95
2016-04-06 09:15:00,460.6
2016-04-07 09:15:00,464.3
2016-04-08 09:15:00,472.8
2016-04-11 09:15:00,490.05
2016-04-12 09:15:00,490.15
2016-04-13 09:15:00,490.45
2016-04-18 09:15:00,506.75
2016-04-20 09:15:00,498.9
2016-04-21 09:15:00,493.05
2016-04-22 09:15:00,489.9
2016-04-25 09:15:00,489.45
2016-04-26 09:15:00,490.05
2016-04-27 09:15:00,495.0
2016-04-28 09:15:00,494.75
2016-04-29 09:15:00,489.25
2016-05-02 09:15:00,485.6
2016-05-03 09:15:00,488.4
2016-05-04 09:15:00,480.85
2016-05-05 09:15:00,481.5
2016-05-06 09:15:00,475.35
2016-05-09 09:15:00,476.0
2016-05-10 09:15:00,472.2
2016-05-11 09:15:00,466.25
2016-05-12 09:15:00,468.9
2016-05-13 09:15:00,462.5
2016-05-16 09:15:00,463.75
2016-05-17 09:15:00,462.25
2016-05-18 09:15:00,466.6
2016-05-19 09:15:00,465.1
2016-05-20 09:15:00,466.6
2016-05-23 09:15:00,480.3
2016-05-24 09:15:00,472.05
2016-05-25 09:15:00,476.0
2016-05-26 09:15:00,474.3
2016-05-27 09:15:00,491.85
2016-05-30 09:15:00,506.25
2016-05-31 09:15:00,524.25
2016-06-01 09:15:00,536.95
2016-06-02 09:15:00,550.85
2016-06-03 09:15:00,559.45
2016-06-06 09:15:00,556.7
2016-06-07 09:15:00,556.8
2016-06-08 09:15:00,551.2
2016-06-09 09:15:00,559.3
2016-06-10 09:15:00,535.6
2016-06-13 09:15:00,519.55
2016-06-14 09:15:00,519.65
2016-06-15 09:15:00,522.55
2016-06-16 09:15:00,526.65
2016-06-17 09:15:00,541.5
2016-06-20 09:15:00,536.65
2016-06-21 09:15:00,545.9
2016-06-22 09:15:00,551.75
2016-06-23 09:15:00,549.0
2016-06-24 09:15:00,548.55
2016-06-27 09:15:00,594.85
2016-06-28 09:15:00,571.1
2016-06-29 09:15:00,580.25
2016-06-30 09:15:00,573.45
2016-07-01 09:15:00,569.25
2016-07-04 09:15:00,563.55
2016-07-05 09:15:00,563.05
2016-07-07 09:15:00,565.7
2016-07-08 09:15:00,569.3
2016-07-11 09:15:00,572.0
2016-07-12 09:15:00,562.9
2016-07-13 09:15:00,552.7
2016-07-14 09:15:00,548.8
2016-07-15 09:15:00,535.9
2016-07-18 09:15:00,533.7
2016-07-19 09:15:00,540.1
2016-07-20 09:15:00,542.5
2016-07-21 09:15:00,544.3
2016-07-22 09:15:00,540.85
2016-07-25 09:15:00,538.35
2016-07-26 09:15:00,536.4
2016-07-27 09:15:00,542.2
2016-07-28 09:15:00,538.55
2016-07-29 09:15:00,540.9
2016-08-01 09:15:00,544.4
2016-08-02 09:15:00,531.9
2016-08-03 09:15:00,524.1
2016-08-04 09:15:00,520.1
2016-08-05 09:15:00,541.65
2016-08-08 09:15:00,559.0
2016-08-09 09:15:00,552.8
2016-08-10 09:15:00,537.8
2016-08-11 09:15:00,540.55
2016-08-12 09:15:00,537.85
2016-08-16 09:15:00,525.85
2016-08-17 09:15:00,527.5
2016-08-18 09:15:00,534.1
2016-08-19 09:15:00,536.2
2016-08-22 09:15:00,530.45
2016-08-23 09:15:00,529.9
2016-08-24 09:15:00,530.85
2016-08-25 09:15:00,530.5
2016-08-26 09:15:00,555.9
2016-08-29 09:15:00,551.65
2016-08-30 09:15:00,552.85
2016-08-31 09:15:00,567.4
2016-09-01 09:15:00,566.35
2016-09-02 09:15:00,563.2
2016-09-06 09:15:00,560.15
2016-09-07 09:15:00,550.5
2016-09-08 09:15:00,538.9
2016-09-09 09:15:00,533.2
2016-09-12 09:15:00,524.6
2016-09-14 09:15:00,516.8
2016-09-15 09:15:00,515.95
2016-09-16 09:15:00,518.95
2016-09-19 09:15:00,515.55
2016-09-20 09:15:00,504.4
2016-09-21 09:15:00,513.1
2016-09-22 09:15:00,528.4
2016-09-23 09:15:00,539.7
2016-09-26 09:15:00,533.3
2016-09-27 09:15:00,538.25
2016-09-28 09:15:00,520.9
2016-09-29 09:15:00,517.75
2016-09-30 09:15:00,519.65
2016-10-03 09:15:00,537.8
2016-10-04 09:15:00,545.15
2016-10-05 09:15:00,548.05
2016-10-06 09:15:00,544.2
2016-10-07 09:15:00,546.6
2016-10-10 09:15:00,544.55
2016-10-13 09:15:00,543.05
2016-10-14 09:15:00,546.2
2016-10-17 09:15:00,544.45
2016-10-18 09:15:00,545.8
2016-10-19 09:15:00,516.6
2016-10-20 09:15:00,522.45
2016-10-21 09:15:00,518.35
2016-10-24 09:15:00,510.45
2016-10-25 09:15:00,506.55
2016-10-26 09:15:00,507.5
2016-10-27 09:15:00,505.95
2016-10-28 09:15:00,512.6
2016-10-30 09:15:00,513.15
2016-11-01 09:15:00,518.0
2016-11-02 09:15:00,522.95
2016-11-03 09:15:00,505.2
2016-11-04 09:15:00,509.4
2016-11-07 09:15:00,510.25
2016-11-08 09:15:00,515.6
2016-11-09 09:15:00,517.1
2016-11-10 09:15:00,504.3
2016-11-11 09:15:00,504.0
2016-11-15 09:15:00,499.8
2016-11-16 09:15:00,499.0
2016-11-17 09:15:00,495.95
2016-11-18 09:15:00,513.7
2016-11-21 09:15:00,518.9
2016-11-22 09:15:00,511.25
2016-11-23 09:15:00,509.8
2016-11-24 09:15:00,510.3
2016-11-25 09:15:00,520.25
2016-11-28 09:15:00,512.3
2016-11-29 09:15:00,518.55
2016-11-30 09:15:00,526.75
2016-12-01 09:15:00,529.0
2016-12-02 09:15:00,522.65
2016-12-05 09:15:00,521.1
2016-12-06 09:15:00,517.1
2016-12-07 09:15:00,512.6
2016-12-08 09:15:00,517.6
2016-12-09 09:15:00,518.05
2016-12-12 09:15:00,513.7
2016-12-13 09:15:00,519.15
2016-12-14 09:15:00,534.55
2016-12-15 09:15:00,548.9
2016-12-16 09:15:00,565.45
2016-12-19 09:15:00,565.6
2016-12-20 09:15:00,566.2
2016-12-21 09:15:00,556.2
2016-12-22 09:15:00,545.75
2016-12-23 09:15:00,559.3
2016-12-26 09:15:00,531.5
2016-12-27 09:15:00,548.5
2016-12-28 09:15:00,559.35
2016-12-29 09:15:00,566.6
2016-12-30 09:15:00,565.25
2017-01-02 09:15:00,557.65
2017-01-03 09:15:00,537.45
2017-01-04 09:15:00,534.3
2017-01-05 09:15:00,538.25
2017-01-06 09:15:00,527.15
2017-01-09 09:15:00,529.85
2017-01-10 09:15:00,534.1
2017-01-11 09:15:00,529.2
2017-01-12 09:15:00,528.15
2017-01-13 09:15:00,522.2
2017-01-16 09:15:00,519.7
2017-01-17 09:15:00,520.35
2017-01-18 09:15:00,526.1
2017-01-19 09:15:00,527.15
2017-01-20 09:15:00,523.9
2017-01-23 09:15:00,529.0
2017-01-24 09:15:00,529.35
2017-01-25 09:15:00,538.35
2017-01-27 09:15:00,560.55
2017-01-30 09:15:00,578.6
2017-01-31 09:15:00,559.25
2017-02-01 09:15:00,563.85
2017-02-02 09:15:00,564.2
2017-02-03 09:15:00,560.05
2017-02-06 09:15:00,564.55
2017-02-07 09:15:00,572.0
2017-02-08 09:15:00,565.0
2017-02-09 09:15:00,564.6
2017-02-10 09:15:00,558.95
2017-02-13 09:15:00,562.15
2017-02-14 09:15:00,579.5
2017-02-15 09:15:00,574.65
2017-02-16 09:15:00,573.95
2017-02-17 09:15:00,581.2
2017-02-20 09:15:00,576.8
2017-02-21 09:15:00,577.25
2017-02-22 09:15:00,580.7
2017-02-23 09:15:00,588.0
2017-02-27 09:15:00,593.5
2017-02-28 09:15:00,595.1
2017-03-01 09:15:00,592.1
2017-03-02 09:15:00,593.1
2017-03-03 09:15:00,593.25
2017-03-06 09:15:00,591.8
2017-03-07 09:15:00,590.0
2017-03-08 09:15:00,584.0
2017-03-09 09:15:00,575.8
2017-03-10 09:15:00,572.6
2017-03-14 09:15:00,577.75
2017-03-15 09:15:00,589.05
2017-03-16 09:15:00,589.8
2017-03-17 09:15:00,590.9
2017-03-20 09:15:00,590.0
2017-03-21 09:15:00,589.9
2017-03-22 09:15:00,594.55
2017-03-23 09:15:00,599.5
2017-03-24 09:15:00,603.0
2017-03-27 09:15:00,599.95
2017-03-28 09:15:00,599.05
2017-03-29 09:15:00,596.25
2017-03-30 09:15:00,580.05
2017-03-31 09:15:00,579.9
2017-04-03 09:15:00,573.4
2017-04-05 09:15:00,567.9
2017-04-06 09:15:00,561.25
2017-04-07 09:15:00,554.05
2017-04-10 09:15:00,557.65
2017-04-11 09:15:00,550.5
2017-04-12 09:15:00,540.0
2017-04-13 09:15:00,541.9
2017-04-17 09:15:00,553.4
2017-04-18 09:15:00,559.9
2017-04-19 09:15:00,543.15
2017-04-20 09:15:00,540.35
2017-04-21 09:15:00,535.3
2017-04-24 09:15:00,528.9
2017-04-25 09:15:00,530.7
2017-04-26 09:15:00,530.15
2017-04-27 09:15:00,535.05
2017-04-28 09:15:00,536.25
2017-05-02 09:15:00,562.75
2017-05-03 09:15:00,569.3
2017-05-04 09:15:00,561.95
2017-05-05 09:15:00,561.25
2017-05-08 09:15:00,587.75
2017-05-09 09:15:00,575.1
2017-05-10 09:15:00,580.3
2017-05-11 09:15:00,574.25
2017-05-12 09:15:00,574.25
2017-05-15 09:15:00,576.95
2017-05-16 09:15:00,575.5
2017-05-17 09:15:00,584.9
2017-05-18 09:15:00,573.1
2017-05-19 09:15:00,582.5
2017-05-22 09:15:00,585.6
2017-05-23 09:15:00,584.95
2017-05-24 09:15:00,568.15
2017-05-25 09:15:00,574.15
2017-05-26 09:15:00,583.5
2017-05-29 09:15:00,580.85
2017-05-30 09:15:00,589.55
2017-05-31 09:15:00,613.55
2017-06-01 09:15:00,605.35
2017-06-02 09:15:00,620.25
2017-06-05 09:15:00,608.45
2017-06-06 09:15:00,620.45
2017-06-07 09:15:00,624.6
2017-06-08 09:15:00,629.7
2017-06-09 09:15:00,644.15
2017-06-12 09:15:00,625.9
2017-06-13 09:15:00,617.35
2017-06-14 09:15:00,603.65
2017-06-15 09:15:00,599.5
2017-06-16 09:15:00,601.9
2017-06-19 09:15:00,591.25
2017-06-20 09:15:00,596.05
2017-06-21 09:15:00,593.85
2017-06-22 09:15:00,596.65
2017-06-23 09:15:00,592.0
2017-06-27 09:15:00,595.0
2017-06-28 09:15:00,594.9
2017-06-29 09:15:00,594.85
2017-06-30 09:15:00,599.5
2017-07-03 09:15:00,591.3
2017-07-04 09:15:00,598.35
2017-07-05 09:15:00,586.7
2017-07-06 09:15:00,597.2
2017-07-07 09:15:00,597.45
2017-07-10 09:15:00,616.4
2017-07-11 09:15:00,601.85
2017-07-12 09:15:00,603.15
2017-07-13 09:15:00,584.3
2017-07-14 09:15:00,576.6
2017-07-17 09:15:00,569.1
2017-07-18 09:15:00,571.15
2017-07-19 09:15:00,577.15
2017-07-20 09:15:00,576.35
2017-07-21 09:15:00,577.65
2017-07-24 09:15:00,579.7
2017-07-25 09:15:00,580.65
2017-07-26 09:15:00,596.0
2017-07-27 09:15:00,602.5
2017-07-28 09:15:00,594.45
2017-07-31 09:15:00,604.6
2017-08-01 09:15:00,592.75
2017-08-02 09:15:00,598.8
2017-08-03 09:15:00,601.35
2017-08-04 09:15:00,597.7
2017-08-07 09:15:00,599.2
2017-08-08 09:15:00,581.5
2017-08-09 09:15:00,581.5
2017-08-10 09:15:00,572.9
2017-08-11 09:15:00,571.45
2017-08-14 09:15:00,591.1
2017-08-16 09:15:00,585.6
2017-08-17 09:15:00,590.5
2017-08-18 09:15:00,591.15
2017-08-21 09:15:00,592.3
2017-08-22 09:15:00,592.8
2017-08-23 09:15:00,591.8
2017-08-24 09:15:00,604.85
2017-08-28 09:15:00,614.45
2017-08-29 09:15:00,609.6
2017-08-30 09:15:00,612.25
2017-08-31 09:15:00,609.1
2017-09-01 09:15:00,605.05
2017-09-04 09:15:00,606.2
2017-09-05 09:15:00,606.05
2017-09-06 09:15:00,604.75
2017-09-07 09:15:00,608.25
2017-09-08 09:15:00,604.85
2017-09-11 09:15:00,609.15
2017-09-12 09:15:00,602.9
2017-09-13 09:15:00,605.25
2017-09-14 09:15:00,604.85
2017-09-15 09:15:00,627.65
2017-09-18 09:15:00,612.85
2017-09-19 09:15:00,623.6
2017-09-20 09:15:00,613.7
2017-09-21 09:15:00,619.95
2017-09-22 09:15:00,614.7
2017-09-25 09:15:00,608.95
2017-09-26 09:15:00,598.9
2017-09-27 09:15:00,595.2
2017-09-28 09:15:00,612.1
2017-09-29 09:15:00,618.7
2017-10-03 09:15:00,619.55
2017-10-04 09:15:00,616.9
2017-10-05 09:15:00,613.65
2017-10-06 09:15:00,617.7
2017-10-09 09:15:00,613.05
2017-10-10 09:15:00,619.3
2017-10-11 09:15:00,623.3
2017-10-12 09:15:00,634.65
2017-10-13 09:15:00,641.7
2017-10-16 09:15:00,656.15
2017-10-17 09:15:00,655.1
2017-10-18 09:15:00,644.3
2017-10-19 09:15:00,649.6
2017-10-23 09:15:00,675.9
2017-10-24 09:15:00,690.35
2017-10-25 09:15:00,703.8
2017-10-26 09:15:00,672.4
2017-10-27 09:15:00,704.25
2017-10-30 09:15:00,704.9
2017-10-31 09:15:00,693.5
2017-11-01 09:15:00,689.55
2017-11-02 09:15:00,696.3
2017-11-03 09:15:00,701.55
2017-11-06 09:15:00,692.55
2017-11-07 09:15:00,706.1
2017-11-08 09:15:00,738.5
2017-11-09 09:15:00,727.6
2017-11-10 09:15:00,733.55
2017-11-13 09:15:00,729.45
2017-11-14 09:15:00,711.6
2017-11-15 09:15:00,714.0
2017-11-16 09:15:00,712.4
2017-11-17 09:15:00,711.7
2017-11-20 09:15:00,705.95
2017-11-21 09:15:00,726.35
2017-11-22 09:15:00,724.0
2017-11-23 09:15:00,718.15
2017-11-24 09:15:00,717.6
2017-11-27 09:15:00,723.0
2017-11-28 09:15:00,729.8
2017-11-29 09:15:00,727.15
2017-11-30 09:15:00,728.95
2017-12-01 09:15:00,720.0
2017-12-04 09:15:00,731.55
2017-12-05 09:15:00,720.95
2017-12-06 09:15:00,724.3
2017-12-07 09:15:00,712.85
2017-12-08 09:15:00,707.7
2017-12-11 09:15:00,708.2
2017-12-12 09:15:00,710.3
2017-12-13 09:15:00,718.3
2017-12-14 09:15:00,704.8
2017-12-15 09:15:00,705.65
2017-12-18 09:15:00,716.5
2017-12-19 09:15:00,731.65
2017-12-20 09:15:00,729.55
2017-12-21 09:15:00,751.6
2017-12-22 09:15:00,735.0
2017-12-26 09:15:00,723.85
2017-12-27 09:15:00,725.3
2017-12-28 09:15:00,724.5
2017-12-29 09:15:00,725.65
2018-01-01 09:15:00,738.25
2018-01-02 09:15:00,734.65
2018-01-03 09:15:00,720.05
2018-01-04 09:15:00,715.85
2018-01-05 09:15:00,714.0
2018-01-08 09:15:00,715.6
2018-01-09 09:15:00,712.35
2018-01-10 09:15:00,710.0
2018-01-11 09:15:00,716.2
2018-01-12 09:15:00,728.6
2018-01-15 09:15:00,748.9
2018-01-16 09:15:00,741.55
2018-01-17 09:15:00,762.1
2018-01-18 09:15:00,794.35
2018-01-19 09:15:00,789.55
2018-01-22 09:15:00,802.0
2018-01-23 09:15:00,796.2
2018-01-24 09:15:00,802.55
2018-01-25 09:15:00,823.8
2018-01-29 09:15:00,879.75
2018-01-30 09:15:00,883.35
2018-01-31 09:15:00,894.85
2018-02-01 09:15:00,879.65
2018-02-02 09:15:00,854.65
2018-02-05 09:15:00,856.3
2018-02-06 09:15:00,845.35
2018-02-07 09:15:00,833.45
2018-02-08 09:15:00,872.05
2018-02-09 09:15:00,897.6
2018-02-12 09:15:00,857.7
2018-02-14 09:15:00,890.8
2018-02-15 09:15:00,879.2
2018-02-16 09:15:00,862.8
2018-02-19 09:15:00,859.25
2018-02-20 09:15:00,865.75
2018-02-21 09:15:00,886.35
2018-02-22 09:15:00,906.25
2018-02-23 09:15:00,906.8
2018-02-26 09:15:00,884.25
2018-02-27 09:15:00,872.55
2018-02-28 09:15:00,859.7
2018-03-01 09:15:00,854.85
2018-03-05 09:15:00,858.35
2018-03-06 09:15:00,846.35
2018-03-07 09:15:00,841.7
2018-03-08 09:15:00,833.2
2018-03-09 09:15:00,825.1
2018-03-12 09:15:00,856.85
2018-03-13 09:15:00,849.8
2018-03-14 09:15:00,866.15
2018-03-15 09:15:00,881.35
2018-03-16 09:15:00,875.75
2018-03-19 09:15:00,855.6
2018-03-20 09:15:00,841.8
2018-03-21 09:15:00,856.9
2018-03-22 09:15:00,844.95
2018-03-23 09:15:00,835.3
2018-03-26 09:15:00,828.7
2018-03-27 09:15:00,811.4
2018-03-28 09:15:00,837.75
2018-04-02 09:15:00,846.8
2018-04-03 09:15:00,851.9
2018-04-04 09:15:00,869.7
2018-04-05 09:15:00,869.7
2018-04-06 09:15:00,917.15
2018-04-09 09:15:00,896.75
2018-04-10 09:15:00,909.8
2018-04-11 09:15:00,898.7
2018-04-12 09:15:00,925.9
2018-04-13 09:15:00,906.75
2018-04-16 09:15:00,896.1
2018-04-17 09:15:00,899.85
2018-04-18 09:15:00,898.0
2018-04-19 09:15:00,885.35
2018-04-20 09:15:00,903.9
2018-04-23 09:15:00,931.8
2018-04-24 09:15:00,982.2
2018-04-25 09:15:00,1001.2
2018-04-26 09:15:00,997.3
2018-04-27 09:15:00,1008.75
2018-04-30 09:15:00,1036.35
2018-05-02 09:15:00,1003.55
2018-05-03 09:15:00,986.5
2018-05-04 09:15:00,975.15
2018-05-07 09:15:00,992.3
2018-05-08 09:15:00,969.55
2018-05-09 09:15:00,989.7
2018-05-10 09:15:00,995.9
2018-05-11 09:15:00,988.0
2018-05-14 09:15:00,983.55
2018-05-15 09:15:00,1077.5
2018-05-16 09:15:00,1098.25
2018-05-17 09:15:00,1129.25
2018-05-18 09:15:00,1126.8
2018-05-21 09:15:00,1082.5
2018-05-22 09:15:00,1063.1
2018-05-23 09:15:00,1080.8
2018-05-24 09:15:00,1096.55
2018-05-25 09:15:00,1118.0
2018-05-28 09:15:00,1060.25
2018-05-29 09:15:00,1035.75
2018-05-30 09:15:00,1058.8
2018-05-31 09:15:00,1101.1
2018-06-01 09:15:00,1057.65
2018-06-04 09:15:00,1023.85
2018-06-05 09:15:00,1037.0
2018-06-06 09:15:00,1058.65
2018-06-07 09:15:00,1063.85
2018-06-08 09:15:00,1111.5
2018-06-11 09:15:00,1126.5
2018-06-12 09:15:00,1126.2
2018-06-13 09:15:00,1113.65
2018-06-14 09:15:00,1105.95
2018-06-15 09:15:00,1071.55
2018-06-18 09:15:00,1097.9
2018-06-19 09:15:00,1078.75
2018-06-20 09:15:00,1060.55
2018-06-21 09:15:00,1097.6
2018-06-22 09:15:00,1099.1
2018-06-25 09:15:00,1089.65
2018-06-26 09:15:00,1073.15
2018-06-27 09:15:00,1125.95
2018-06-28 09:15:00,1058.55
2018-06-29 09:15:00,1084.2
2018-07-02 09:15:00,1100.15
2018-07-03 09:15:00,1099.8
2018-07-04 09:15:00,1090.1
2018-07-05 09:15:00,1087.15
2018-07-06 09:15:00,1109.35
2018-07-09 09:15:00,1117.75
2018-07-10 09:15:00,1131.5
2018-07-11 09:15:00,1147.65
2018-07-12 09:15:00,1167.1
2018-07-13 09:15:00,1214.3
2018-07-16 09:15:00,1204.4
2018-07-17 09:15:00,1152.95
2018-07-18 09:15:00,1136.8
2018-07-19 09:15:00,1148.0
2018-07-20 09:15:00,1162.35
2018-07-23 09:15:00,1127.4
2018-07-24 09:15:00,1171.2
2018-07-25 09:15:00,1175.0
2018-07-26 09:15:00,1125.35
2018-07-27 09:15:00,1121.2
2018-07-30 09:15:00,1108.3
2018-07-31 09:15:00,1151.75
2018-08-01 09:15:00,1204.9
2018-08-02 09:15:00,1178.75
2018-08-03 09:15:00,1199.85
2018-08-06 09:15:00,1175.0
2018-08-07 09:15:00,1190.3
2018-08-08 09:15:00,1149.55
2018-08-09 09:15:00,1150.7
2018-08-10 09:15:00,1153.05
2018-08-13 09:15:00,1168.45
2018-08-14 09:15:00,1163.25
2018-08-16 09:15:00,1187.35
2018-08-17 09:15:00,1186.9
2018-08-20 09:15:00,1198.0
2018-08-21 09:15:00,1197.4
2018-08-23 09:15:00,1218.95
2018-08-24 09:15:00,1255.6
2018-08-27 09:15:00,1268.85
2018-08-28 09:15:00,1248.3
2018-08-29 09:15:00,1247.75
2018-08-30 09:15:00,1260.7
2018-08-31 09:15:00,1260.0
2018-09-03 09:15:00,1247.95
2018-09-04 09:15:00,1268.2
2018-09-05 09:15:00,1238.25
2018-09-06 09:15:00,1245.3
2018-09-07 09:15:00,1238.9
2018-09-10 09:15:00,1238.5
2018-09-11 09:15:00,1259.3
2018-09-12 09:15:00,1257.0
2018-09-14 09:15:00,1237.8
2018-09-17 09:15:00,1225.05
2018-09-18 09:15:00,1214.8
2018-09-19 09:15:00,1224.95
2018-09-21 09:15:00,1187.5
2018-09-24 09:15:00,1188.6
2018-09-25 09:15:00,1189.1
2018-09-26 09:15:00,1180.45
2018-09-27 09:15:00,1160.0
2018-09-28 09:15:00,1173.25
2018-10-01 09:15:00,1159.9
2018-10-03 09:15:00,1159.4
2018-10-04 09:15:00,1148.1
2018-10-05 09:15:00,1120.6
2018-10-08 09:15:00,1098.2
2018-10-09 09:15:00,1064.7
2018-10-10 09:15:00,1078.9
2018-10-11 09:15:00,1025.65
2018-10-12 09:15:00,1008.25
2018-10-15 09:15:00,1085.3
2018-10-16 09:15:00,1129.55
2018-10-17 09:15:00,1123.75
2018-10-19 09:15:00,1067.6
2018-10-22 09:15:00,1075.65
2018-10-23 09:15:00,1065.3
2018-10-24 09:15:00,1022.9
2018-10-25 09:15:00,972.0
2018-10-26 09:15:00,1010.1
2018-10-29 09:15:00,978.6
2018-10-30 09:15:00,955.1
2018-10-31 09:15:00,986.95
2018-11-01 09:15:00,972.9
2018-11-02 09:15:00,950.75
2018-11-05 09:15:00,941.75
2018-11-06 09:15:00,910.1
2018-11-07 09:15:00,929.5
2018-11-09 09:15:00,948.0
2018-11-12 09:15:00,970.6
2018-11-13 09:15:00,965.9
2018-11-14 09:15:00,955.0
2018-11-15 09:15:00,947.8
2018-11-16 09:15:00,953.9
2018-11-19 09:15:00,949.1
2018-11-20 09:15:00,930.4
2018-11-21 09:15:00,905.4
2018-11-22 09:15:00,926.75
2018-11-26 09:15:00,915.6
2018-11-27 09:15:00,905.0
2018-11-28 09:15:00,955.5
2018-11-29 09:15:00,952.3
2018-11-30 09:15:00,1003.15
2018-12-03 09:15:00,998.45
2018-12-04 09:15:00,1001.95
2018-12-05 09:15:00,985.95
2018-12-06 09:15:00,1004.3
2018-12-07 09:15:00,983.35
2018-12-10 09:15:00,952.05
2018-12-11 09:15:00,968.05
2018-12-12 09:15:00,965.55
2018-12-13 09:15:00,974.25
2018-12-14 09:15:00,972.15
2018-12-17 09:15:00,976.5
2018-12-18 09:15:00,1005.1
2018-12-19 09:15:00,991.45
2018-12-20 09:15:00,985.3
2018-12-21 09:15:00,968.5
2018-12-24 09:15:00,1018.15
2018-12-26 09:15:00,1014.8
2018-12-27 09:15:00,982.25
2018-12-28 09:15:00,1004.05
2018-12-31 09:15:00,1018.45
2019-01-01 09:15:00,1005.6
2019-01-02 09:15:00,989.4
2019-01-03 09:15:00,948.8
2019-01-04 09:15:00,930.45
2019-01-07 09:15:00,925.3
2019-01-08 09:15:00,924.8
2019-01-09 09:15:00,904.95
2019-01-10 09:15:00,903.55
2019-01-11 09:15:00,899.15
2019-01-14 09:15:00,876.45
2019-01-15 09:15:00,876.45
2019-01-16 09:15:00,863.2
2019-01-17 09:15:00,900.7
2019-01-18 09:15:00,871.6
2019-01-21 09:15:00,877.05
2019-01-22 09:15:00,871.2
2019-01-23 09:15:00,897.95
2019-01-24 09:15:00,921.25
2019-01-25 09:15:00,920.9
2019-01-28 09:15:00,940.95
2019-01-29 09:15:00,972.8
2019-01-30 09:15:00,1011.2
2019-01-31 09:15:00,1002.65
2019-02-01 09:15:00,1009.75
2019-02-04 09:15:00,1016.55
2019-02-05 09:15:00,1017.75
2019-02-06 09:15:00,1026.35
2019-02-07 09:15:00,1022.9
2019-02-08 09:15:00,1019.75
2019-02-11 09:15:00,996.65
2019-02-12 09:15:00,1021.25
2019-02-13 09:15:00,1035.55
2019-02-14 09:15:00,1048.65
2019-02-15 09:15:00,1053.75
2019-02-18 09:15:00,1041.2
2019-02-19 09:15:00,1044.45
2019-02-20 09:15:00,1041.25
2019-02-21 09:15:00,1019.25
2019-02-22 09:15:00,1016.2
2019-02-25 09:15:00,1022.8
2019-02-26 09:15:00,1027.35
2019-02-27 09:15:00,1038.1
2019-02-28 09:15:00,1041.2
2019-03-01 09:15:00,1033.25
2019-03-05 09:15:00,1009.95
2019-03-06 09:15:00,990.95
2019-03-07 09:15:00,996.6
2019-03-08 09:15:00,980.75
2019-03-11 09:15:00,993.3
2019-03-12 09:15:00,990.75
2019-03-13 09:15:00,975.7
2019-03-14 09:15:00,958.5
2019-03-15 09:15:00,987.65
2019-03-18 09:15:00,970.45
2019-03-19 09:15:00,978.6
2019-03-20 09:15:00,986.7
2019-03-22 09:15:00,975.85
2019-03-25 09:15:00,950.2
2019-03-26 09:15:00,952.65
2019-03-27 09:15:00,950.6
2019-03-28 09:15:00,965.3
2019-03-29 09:15:00,991.1
2019-04-01 09:15:00,986.75
2019-04-02 09:15:00,991.5
2019-04-03 09:15:00,978.2
2019-04-04 09:15:00,978.3
2019-04-05 09:15:00,975.35
2019-04-08 09:15:00,976.65
2019-04-09 09:15:00,986.3
2019-04-10 09:15:00,995.7
2019-04-11 09:15:00,1011.3
2019-04-12 09:15:00,991.2
2019-04-15 09:15:00,994.55
2019-04-16 09:15:00,980.65
2019-04-18 09:15:00,978.65
2019-04-22 09:15:00,983.0
2019-04-23 09:15:00,964.35
2019-04-24 09:15:00,966.0
2019-04-25 09:15:00,952.55
2019-04-26 09:15:00,959.4
2019-04-30 09:15:00,969.4
2019-05-02 09:15:00,982.0
2019-05-03 09:15:00,972.0
2019-05-06 09:15:00,969.7
2019-05-07 09:15:00,965.3
2019-05-08 09:15:00,952.75
2019-05-09 09:15:00,946.15
2019-05-10 09:15:00,950.5
2019-05-13 09:15:00,951.0
2019-05-14 09:15:00,963.5
2019-05-15 09:15:00,958.9
2019-05-16 09:15:00,948.25
2019-05-17 09:15:00,945.8
2019-05-20 09:15:00,945.4
2019-05-21 09:15:00,943.2
2019-05-22 09:15:00,963.1
2019-05-23 09:15:00,967.85
2019-05-24 09:15:00,949.8
2019-05-27 09:15:00,936.35
2019-05-28 09:15:00,951.65
2019-05-29 09:15:00,962.15
2019-05-30 09:15:00,1001.1
2019-05-31 09:15:00,993.85
2019-06-03 09:15:00,988.6
2019-06-04 09:15:00,969.55
2019-06-06 09:15:00,972.25
2019-06-07 09:15:00,955.25
2019-06-10 09:15:00,962.7
2019-06-11 09:15:00,945.35
2019-06-12 09:15:00,970.2
2019-06-13 09:15:00,979.55
2019-06-14 09:15:00,957.95
2019-06-17 09:15:00,965.15
2019-06-18 09:15:00,974.15
2019-06-19 09:15:00,979.3
2019-06-20 09:15:00,972.95
2019-06-21 09:15:00,940.4
2019-06-24 09:15:00,963.3
2019-06-25 09:15:00,968.5
2019-06-26 09:15:00,961.6
2019-06-27 09:15:00,990.85
2019-06-28 09:15:00,1004.1
2019-07-01 09:15:00,990.7
2019-07-02 09:15:00,972.65
2019-07-03 09:15:00,988.95
2019-07-04 09:15:00,994.4
2019-07-05 09:15:00,981.95
2019-07-08 09:15:00,966.05
2019-07-09 09:15:00,943.0
2019-07-10 09:15:00,944.05
2019-07-11 09:15:00,943.05
2019-07-12 09:15:00,945.05
2019-07-15 09:15:00,935.3
2019-07-16 09:15:00,922.55
2019-07-17 09:15:00,919.3
2019-07-18 09:15:00,933.95
2019-07-19 09:15:00,931.9
2019-07-22 09:15:00,918.9
2019-07-23 09:15:00,915.75
2019-07-24 09:15:00,914.0
2019-07-25 09:15:00,921.65
2019-07-26 09:15:00,929.7
2019-07-29 09:15:00,954.35
2019-07-30 09:15:00,958.65
2019-07-31 09:15:00,938.9
2019-08-01 09:15:00,911.65
2019-08-02 09:15:00,927.15
2019-08-05 09:15:00,944.55
2019-08-06 09:15:00,963.7
2019-08-07 09:15:00,965.2
2019-08-08 09:15:00,961.85
2019-08-09 09:15:00,960.2
2019-08-13 09:15:00,962.0
2019-08-14 09:15:00,967.1
2019-08-16 09:15:00,977.25
2019-08-19 09:15:00,968.6
2019-08-20 09:15:00,975.15
2019-08-21 09:15:00,972.1
2019-08-22 09:15:00,964.85
2019-08-23 09:15:00,982.75
2019-08-26 09:15:00,985.25
2019-08-27 09:15:00,966.75
2019-08-28 09:15:00,977.75
2019-08-29 09:15:00,968.0
2019-08-30 09:15:00,975.8
2019-09-03 09:15:00,978.25
2019-09-04 09:15:00,972.8
2019-09-05 09:15:00,968.15
2019-09-06 09:15:00,970.8
2019-09-09 09:15:00,997.9
2019-09-11 09:15:00,990.2
2019-09-12 09:15:00,986.95
2019-09-13 09:15:00,990.1
2019-09-16 09:15:00,990.4
2019-09-17 09:15:00,980.9
2019-09-18 09:15:00,983.85
2019-09-19 09:15:00,967.55
2019-09-20 09:15:00,972.55
2019-09-23 09:15:00,958.0
2019-09-24 09:15:00,966.1
2019-09-25 09:15:00,959.2
2019-09-26 09:15:00,946.55
2019-09-27 09:15:00,938.4
2019-09-30 09:15:00,957.0
2019-10-01 09:15:00,937.45
2019-10-03 09:15:00,937.75
2019-10-04 09:15:00,938.7
2019-10-07 09:15:00,953.45
2019-10-09 09:15:00,929.4
2019-10-10 09:15:00,909.2
2019-10-11 09:15:00,884.1
2019-10-14 09:15:00,904.65
2019-10-15 09:15:00,921.5
2019-10-16 09:15:00,921.75
2019-10-17 09:15:00,923.65
2019-10-18 09:15:00,935.85
2019-10-22 09:15:00,915.15
2019-10-23 09:15:00,927.3
2019-10-24 09:15:00,927.4
2019-10-25 09:15:00,944.75
2019-10-27 09:15:00,937.15
2019-10-29 09:15:00,948.8
2019-10-30 09:15:00,939.75
2019-10-31 09:15:00,950.25
2019-11-01 09:15:00,951.85
2019-11-04 09:15:00,938.95
2019-11-05 09:15:00,914.6
2019-11-06 09:15:00,915.15
2019-11-07 09:15:00,904.7
2019-11-08 09:15:00,879.55
2019-11-11 09:15:00,890.85
2019-11-13 09:15:00,891.35
2019-11-14 09:15:00,893.35
2019-11-15 09:15:00,907.1
2019-11-18 09:15:00,922.05
2019-11-19 09:15:00,914.25
2019-11-20 09:15:00,910.6
2019-11-21 09:15:00,890.15
2019-11-22 09:15:00,857.8
2019-11-25 09:15:00,878.6
2019-11-26 09:15:00,840.35
2019-11-27 09:15:00,833.8
2019-11-28 09:15:00,855.15
2019-11-29 09:15:00,878.35
2019-12-02 09:15:00,871.0
2019-12-03 09:15:00,847.9
2019-12-04 09:15:00,869.25
2019-12-05 09:15:00,854.3
2019-12-06 09:15:00,843.45
2019-12-09 09:15:00,877.0
2019-12-10 09:15:00,871.45
2019-12-11 09:15:00,856.3
2019-12-12 09:15:00,865.45
2019-12-13 09:15:00,865.6
2019-12-16 09:15:00,861.6
2019-12-17 09:15:00,870.1
2019-12-18 09:15:00,864.95
2019-12-19 09:15:00,864.85
2019-12-20 09:15:00,870.1
2019-12-23 09:15:00,880.05
2019-12-24 09:15:00,871.3
2019-12-26 09:15:00,888.45
2019-12-27 09:15:00,893.1
2019-12-30 09:15:00,908.15
2019-12-31 09:15:00,922.25
2020-01-01 09:15:00,923.8
2020-01-02 09:15:00,894.05
2020-01-03 09:15:00,883.7
2020-01-06 09:15:00,875.2
2020-01-07 09:15:00,885.8
2020-01-08 09:15:00,883.95
2020-01-09 09:15:00,883.3
2020-01-10 09:15:00,876.5
2020-01-13 09:15:00,882.5
2020-01-14 09:15:00,900.35
2020-01-15 09:15:00,901.4
2020-01-16 09:15:00,889.15
2020-01-17 09:15:00,898.1
2020-01-20 09:15:00,885.9
2020-01-21 09:15:00,880.0
2020-01-22 09:15:00,888.9
2020-01-23 09:15:00,911.1
2020-01-24 09:15:00,908.45
2020-01-27 09:15:00,891.1
2020-01-28 09:15:00,925.5
2020-01-29 09:15:00,936.6
2020-01-30 09:15:00,918.95
2020-01-31 09:15:00,929.85
2020-02-01 09:15:00,921.45
2020-02-03 09:15:00,893.85
2020-02-04 09:15:00,913.35
2020-02-05 09:15:00,920.95
2020-02-06 09:15:00,942.95
2020-02-07 09:15:00,937.4
2020-02-10 09:15:00,930.05
2020-02-11 09:15:00,913.3
2020-02-12 09:15:00,889.95
2020-02-13 09:15:00,891.7
2020-02-14 09:15:00,906.75
2020-02-17 09:15:00,916.95
2020-02-18 09:15:00,895.15
2020-02-19 09:15:00,894.9
2020-02-20 09:15:00,900.65
2020-02-24 09:15:00,886.15
2020-02-25 09:15:00,884.35
2020-02-26 09:15:00,851.9
2020-02-27 09:15:00,896.7
2020-02-28 09:15:00,871.55
2020-03-02 09:15:00,876.55
2020-03-03 09:15:00,873.45
2020-03-04 09:15:00,840.0
2020-03-05 09:15:00,831.7
2020-03-06 09:15:00,821.4
2020-03-09 09:15:00,793.1
2020-03-11 09:15:00,778.45
2020-03-12 09:15:00,735.0
2020-03-13 09:15:00,749.8
2020-03-16 09:15:00,691.85
2020-03-17 09:15:00,700.85
2020-03-18 09:15:00,687.55
2020-03-19 09:15:00,662.15
2020-03-20 09:15:00,699.15
2020-03-23 09:15:00,642.1
2020-03-24 09:15:00,680.95
2020-03-25 09:15:00,727.3
2020-03-26 09:15:00,689.7
2020-03-27 09:15:00,686.3
2020-03-30 09:15:00,641.4
2020-03-31 09:15:00,664.45
2020-04-01 09:15:00,675.65
2020-04-03 09:15:00,671.6
2020-04-07 09:15:00,670.35
2020-04-08 09:15:00,673.4
2020-04-09 09:15:00,675.6
2020-04-13 09:15:00,670.55
2020-04-15 09:15:00,670.8
2020-04-16 09:15:00,686.65
2020-04-17 09:15:00,726.8
2020-04-20 09:15:00,749.9
2020-04-21 09:15:00,677.8
2020-04-22 09:15:00,673.95
2020-04-23 09:15:00,695.8
2020-04-24 09:15:00,673.65
2020-04-27 09:15:00,698.2
2020-04-28 09:15:00,712.55
2020-04-29 09:15:00,706.3
2020-04-30 09:15:00,728.65
2020-05-04 09:15:00,700.8
2020-05-05 09:15:00,714.55
2020-05-06 09:15:00,742.0
2020-05-07 09:15:00,755.05
2020-05-08 09:15:00,739.9
2020-05-11 09:15:00,777.7
2020-05-12 09:15:00,806.4
2020-05-13 09:15:00,803.0
2020-05-14 09:15:00,803.4
2020-05-15 09:15:00,845.3
2020-05-18 09:15:00,801.3
2020-05-19 09:15:00,820.1
2020-05-20 09:15:00,823.95
2020-05-21 09:15:00,839.25
2020-05-22 09:15:00,839.45
2020-05-26 09:15:00,865.1
2020-05-27 09:15:00,846.6
2020-05-28 09:15:00,845.05
2020-05-29 09:15:00,860.95
2020-06-01 09:15:00,856.65
2020-06-02 09:15:00,876.85
2020-06-03 09:15:00,881.95
2020-06-04 09:15:00,880.35
2020-06-05 09:15:00,880.8
2020-06-08 09:15:00,890.9
2020-06-09 09:15:00,886.6
2020-06-10 09:15:00,895.35
2020-06-11 09:15:00,866.35
2020-06-12 09:15:00,858.7
2020-06-15 09:15:00,857.75
2020-06-16 09:15:00,841.15
2020-06-17 09:15:00,841.55
2020-06-18 09:15:00,858.25
2020-06-19 09:15:00,840.15
2020-06-22 09:15:00,850.15
2020-06-23 09:15:00,855.4
2020-06-24 09:15:00,863.15
2020-06-25 09:15:00,872.45
2020-06-26 09:15:00,892.95
2020-06-29 09:15:00,906.45
2020-06-30 09:15:00,878.75
2020-07-01 09:15:00,882.0
2020-07-02 09:15:00,870.1
2020-07-03 09:15:00,886.6
2020-07-06 09:15:00,910.85
2020-07-07 09:15:00,922.65
2020-07-08 09:15:00,921.4
2020-07-09 09:15:00,903.4
2020-07-10 09:15:00,919.15
2020-07-13 09:15:00,923.65
2020-07-14 09:15:00,933.55
2020-07-15 09:15:00,994.05
2020-07-16 09:15:00,1031.25
2020-07-17 09:15:00,997.35
2020-07-20 09:15:00,1005.45
2020-07-21 09:15:00,978.3
2020-07-22 09:15:00,995.1
2020-07-23 09:15:00,979.6
2020-07-24 09:15:00,1117.0
2020-07-27 09:15:00,1126.85
2020-07-28 09:15:00,1164.4
2020-07-29 09:15:00,1142.05
2020-07-30 09:15:00,1155.2
2020-07-31 09:15:00,1157.95
2020-08-03 09:15:00,1144.6
2020-08-04 09:15:00,1103.85
2020-08-05 09:15:00,1137.25
2020-08-06 09:15:00,1171.75
2020-08-07 09:15:00,1164.4
2020-08-10 09:15:00,1180.9
2020-08-11 09:15:00,1208.6
2020-08-12 09:15:00,1162.65
2020-08-13 09:15:00,1200.55
2020-08-14 09:15:00,1194.3
2020-08-17 09:15:00,1214.6
2020-08-18 09:15:00,1197.5
2020-08-19 09:15:00,1203.4
2020-08-20 09:15:00,1195.85
2020-08-21 09:15:00,1199.0
2020-08-24 09:15:00,1197.95
2020-08-25 09:15:00,1181.25
2020-08-26 09:15:00,1200.05
2020-08-27 09:15:00,1180.6
2020-08-28 09:15:00,1165.45
2020-08-31 09:15:00,1103.6
2020-09-01 09:15:00,1127.75
2020-09-02 09:15:00,1144.85
2020-09-03 09:15:00,1184.95
2020-09-04 09:15:00,1143.95
2020-09-07 09:15:00,1148.85
2020-09-08 09:15:00,1136.5
2020-09-09 09:15:00,1142.9
2020-09-10 09:15:00,1148.9
2020-09-11 09:15:00,1154.35
2020-09-14 09:15:00,1256.7
2020-09-15 09:15:00,1330.15
2020-09-16 09:15:00,1298.25
2020-09-17 09:15:00,1353.65
2020-09-18 09:15:00,1397.45
2020-09-21 09:15:00,1384.35
2020-09-22 09:15:00,1365.75
2020-09-23 09:15:00,1384.1
2020-09-24 09:15:00,1265.15
2020-09-25 09:15:00,1271.7
2020-09-28 09:15:00,1350.5
2020-09-29 09:15:00,1317.6
2020-09-30 09:15:00,1383.45
2020-10-01 09:15:00,1356.9
2020-10-05 09:15:00,1342.35
2020-10-06 09:15:00,1351.7
2020-10-07 09:15:00,1338.65
2020-10-08 09:15:00,1414.4
2020-10-09 09:15:00,1383.65
2020-10-12 09:15:00,1395.8
2020-10-13 09:15:00,1403.9
2020-10-14 09:15:00,1425.8
2020-10-15 09:15:00,1402.15
2020-10-16 09:15:00,1340.75
2020-10-19 09:15:00,1301.9
2020-10-20 09:15:00,1314.7
2020-10-21 09:15:00,1301.3
2020-10-22 09:15:00,1349.9
2020-10-23 09:15:00,1382.05
2020-10-26 09:15:00,1356.3
2020-10-27 09:15:00,1358.75
2020-10-28 09:15:00,1341.1
2020-10-29 09:15:00,1328.55
2020-10-30 09:15:00,1378.7
2020-11-02 09:15:00,1358.65
2020-11-03 09:15:00,1361.1
2020-11-04 09:15:00,1372.9
2020-11-05 09:15:00,1363.2
2020-11-06 09:15:00,1335.2
2020-11-09 09:15:00,1336.2
2020-11-10 09:15:00,1310.2
2020-11-11 09:15:00,1310.1
2020-11-12 09:15:00,1343.5
2020-11-13 09:15:00,1315.0
2020-11-14 09:15:00,1326.1
2020-11-17 09:15:00,1314.15
2020-11-18 09:15:00,1311.5
2020-11-19 09:15:00,1300.75
2020-11-20 09:15:00,1315.35
2020-11-23 09:15:00,1315.3
2020-11-24 09:15:00,1334.9
2020-11-25 09:15:00,1325.65
2020-11-26 09:15:00,1325.25
2020-11-27 09:15:00,1315.7
2020-12-01 09:15:00,1310.65
2020-12-02 09:15:00,1336.15
2020-12-03 09:15:00,1353.3
2020-12-04 09:15:00,1334.9
2020-12-07 09:15:00,1321.7
2020-12-08 09:15:00,1314.15
2020-12-09 09:15:00,1315.95
2020-12-10 09:15:00,1306.85
2020-12-11 09:15:00,1316.05
2020-12-14 09:15:00,1326.95
2020-12-15 09:15:00,1324.8
2020-12-16 09:15:00,1358.45
2020-12-17 09:15:00,1339.75
2020-12-18 09:15:00,1372.9
2020-12-21 09:15:00,1390.85
2020-12-22 09:15:00,1422.4
2020-12-23 09:15:00,1575.65
2020-12-24 09:15:00,1554.55
2020-12-28 09:15:00,1560.55
2020-12-29 09:15:00,1559.2
2020-12-30 09:15:00,1590.4
2020-12-31 09:15:00,1539.95
2021-01-01 09:15:00,1529.9
2021-01-04 09:15:00,1519.35
2021-01-05 09:15:00,1581.65
2021-01-06 09:15:00,1615.75
2021-01-07 09:15:00,1663.0
2021-01-08 09:15:00,1639.3
2021-01-11 09:15:00,1699.15
2021-01-12 09:15:00,1657.35
2021-01-13 09:15:00,1651.35
2021-01-14 09:15:00,1696.15
2021-01-15 09:15:00,1667.55
2021-01-18 09:15:00,1635.0
2021-01-19 09:15:00,1616.8
2021-01-20 09:15:00,1647.1
2021-01-21 09:15:00,1600.65
2021-01-22 09:15:00,1599.05
2021-01-25 09:15:00,1591.1
2021-01-27 09:15:00,1585.8
2021-01-28 09:15:00,1555.5
2021-01-29 09:15:00,1531.35
2021-02-01 09:15:00,1529.95
2021-02-02 09:15:00,1572.8
2021-02-03 09:15:00,1591.05
2021-02-04 09:15:00,1589.5
2021-02-05 09:15:00,1574.6
2021-02-08 09:15:00,1632.1
2021-02-09 09:15:00,1647.2
2021-02-10 09:15:00,1639.15
2021-02-11 09:15:00,1631.9
2021-02-12 09:15:00,1646.45
2021-02-15 09:15:00,1670.8
2021-02-16 09:15:00,1683.6
2021-02-17 09:15:00,1644.9
2021-02-18 09:15:00,1694.1
2021-02-19 09:15:00,1688.6
2021-02-22 09:15:00,1699.45
2021-02-23 09:15:00,1745.0
2021-02-24 09:15:00,1694.35
2021-02-25 09:15:00,1651.7
2021-02-26 09:15:00,1646.9
2021-03-01 09:15:00,1639.3
2021-03-02 09:15:00,1688.05
2021-03-03 09:15:00,1696.0
2021-03-04 09:15:00,1687.3
2021-03-05 09:15:00,1634.7
2021-03-08 09:15:00,1612.05
2021-03-09 09:15:00,1592.9
2021-03-10 09:15:00,1646.7
2021-03-12 09:15:00,1617.1
2021-03-15 09:15:00,1628.45
2021-03-16 09:15:00,1730.8
2021-03-17 09:15:00,1683.8
2021-03-18 09:15:00,1637.75
2021-03-19 09:15:00,1666.3
2021-03-22 09:15:00,1670.05
2021-03-23 09:15:00,1676.55
2021-03-24 09:15:00,1672.45
2021-03-25 09:15:00,1673.1
2021-03-26 09:15:00,1635.25
2021-03-30 09:15:00,1778.85
2021-03-31 09:15:00,1776.5
2021-04-01 09:15:00,1747.8
2021-04-05 09:15:00,1755.1
2021-04-06 09:15:00,1745.1
2021-04-07 09:15:00,1732.45
2021-04-08 09:15:00,1760.35
2021-04-09 09:15:00,1802.45
2021-04-12 09:15:00,1740.1
2021-04-13 09:15:00,1682.25
2021-04-15 09:15:00,1699.95
2021-04-16 09:15:00,1708.3
2021-04-19 09:15:00,1703.15
2021-04-20 09:15:00,1657.65
2021-04-22 09:15:00,1642.75
2021-04-23 09:15:00,1696.5
2021-04-26 09:15:00,1724.3
2021-04-27 09:15:00,1705.15
2021-04-28 09:15:00,1748.9
2021-04-29 09:15:00,1770.0
2021-04-30 09:15:00,1764.8
2021-05-03 09:15:00,1785.8
2021-05-04 09:15:00,1754.95
2021-05-05 09:15:00,1747.15
2021-05-06 09:15:00,1846.0
2021-05-07 09:15:00,1846.2
2021-05-10 09:15:00,1843.95
2021-05-11 09:15:00,1848.7
2021-05-12 09:15:00,1799.35
2021-05-14 09:15:00,1788.85
2021-05-17 09:15:00,1762.4
2021-05-18 09:15:00,1765.15
2021-05-19 09:15:00,1767.9
2021-05-20 09:15:00,1764.35
2021-05-21 09:15:00,1786.05
2021-05-24 09:15:00,1829.95
2021-05-25 09:15:00,1880.4
2021-05-26 09:15:00,1914.05
2021-05-27 09:15:00,1968.75
2021-05-28 09:15:00,1936.1
2021-05-31 09:15:00,1944.35
2021-06-01 09:15:00,1950.0
2021-06-02 09:15:00,1907.6
2021-06-03 09:15:00,1919.7
2021-06-04 09:15:00,1909.45
2021-06-07 09:15:00,1964.9
2021-06-08 09:15:00,1932.5
2021-06-09 09:15:00,1918.25
2021-06-10 09:15:00,1964.2
2021-06-11 09:15:00,2009.75
2021-06-14 09:15:00,1994.75
2021-06-15 09:15:00,2061.45
2021-06-16 09:15:00,2098.75
2021-06-17 09:15:00,2039.55
2021-06-18 09:15:00,2032.85
2021-06-21 09:15:00,2047.25
2021-06-22 09:15:00,2008.9
2021-06-23 09:15:00,1985.3
2021-06-24 09:15:00,2049.1
2021-06-25 09:15:00,2067.15
2021-06-28 09:15:00,2049.4
2021-06-29 09:15:00,2086.15
2021-06-30 09:15:00,2134.2
2021-07-01 09:15:00,2171.8
2021-07-02 09:15:00,2154.95
2021-07-05 09:15:00,2114.2
2021-07-06 09:15:00,2126.9
2021-07-07 09:15:00,2173.7
2021-07-08 09:15:00,2176.4
2021-07-09 09:15:00,2229.3
2021-07-12 09:15:00,2215.1
2021-07-13 09:15:00,2190.95
2021-07-14 09:15:00,2375.5
2021-07-15 09:15:00,2389.0
2021-07-16 09:15:00,2390.2
2021-07-19 09:15:00,2342.8
2021-07-20 09:15:00,2368.5
2021-07-22 09:15:00,2397.4
2021-07-23 09:15:00,2530.15
2021-07-26 09:15:00,2589.15
2021-07-27 09:15:00,2596.6
2021-07-28 09:15:00,2587.7
2021-07-29 09:15:00,2669.6
2021-07-30 09:15:00,2599.75
2021-08-02 09:15:00,2626.8
2021-08-03 09:15:00,2692.25
2021-08-04 09:15:00,2663.75
2021-08-05 09:15:00,2665.2
2021-08-06 09:15:00,2694.65
2021-08-09 09:15:00,2702.0
2021-08-10 09:15:00,2708.6
2021-08-11 09:15:00,2673.0
2021-08-12 09:15:00,2764.45
2021-08-13 09:15:00,2753.85
2021-08-16 09:15:00,2746.45
2021-08-17 09:15:00,2841.55
2021-08-18 09:15:00,2844.25
2021-08-20 09:15:00,2848.0
2021-08-23 09:15:00,2866.9
2021-08-24 09:15:00,2799.05
2021-08-25 09:15:00,2792.15
2021-08-26 09:15:00,2743.25
2021-08-27 09:15:00,2894.8
2021-08-30 09:15:00,2865.05
2021-08-31 09:15:00,2898.1
2021-09-01 09:15:00,2834.45
2021-09-02 09:15:00,2888.6
2021-09-03 09:15:00,2952.25
2021-09-06 09:15:00,3025.7
2021-09-07 09:15:00,2976.45
2021-09-08 09:15:00,2958.3
2021-09-09 09:15:00,2993.55
2021-09-13 09:15:00,3000.2
2021-09-14 09:15:00,3055.45
2021-09-15 09:15:00,3191.8
2021-09-16 09:15:00,3174.8
2021-09-17 09:15:00,3194.1
2021-09-20 09:15:00,3106.7
2021-09-21 09:15:00,3196.95
2021-09-22 09:15:00,3251.05
2021-09-23 09:15:00,3338.6
2021-09-24 09:15:00,3342.35
2021-09-27 09:15:00,3218.3
2021-09-28 09:15:00,3154.7
2021-09-29 09:15:00,3145.15
2021-09-30 09:15:00,3104.4
2021-10-01 09:15:00,3026.25
2021-10-04 09:15:00,3089.1
2021-10-05 09:15:00,3141.3
2021-10-06 09:15:00,3111.6
2021-10-07 09:15:00,3186.2
2021-10-08 09:15:00,3247.65
2021-10-11 09:15:00,3104.8
2021-10-12 09:15:00,3123.5
2021-10-13 09:15:00,3130.3
2021-10-14 09:15:00,3266.6
2021-10-18 09:15:00,3356.7
2021-10-19 09:15:00,3546.45
2021-10-20 09:15:00,3470.15
2021-10-21 09:15:00,3396.45
2021-10-22 09:15:00,3254.7
2021-10-25 09:15:00,3203.7
2021-10-26 09:15:00,3244.0
2021-10-27 09:15:00,3351.6
2021-10-28 09:15:00,3270.9
2021-10-29 09:15:00,3235.8
2021-11-01 09:15:00,3320.95
2021-11-02 09:15:00,3387.55
2021-11-03 09:15:00,3299.35
2021-11-04 09:15:00,3316.6
2021-11-08 09:15:00,3385.15
2021-11-09 09:15:00,3373.1
2021-11-10 09:15:00,3363.1
2021-11-11 09:15:00,3348.25
2021-11-12 09:15:00,3353.4
2021-11-15 09:15:00,3422.75
2021-11-16 09:15:00,3454.35
2021-11-17 09:15:00,3442.65
2021-11-18 09:15:00,3339.15
2021-11-22 09:15:00,3247.7
2021-11-23 09:15:00,3290.95
2021-11-24 09:15:00,3212.15
2021-11-25 09:15:00,3261.6
2021-11-26 09:15:00,3059.2
2021-11-29 09:15:00,2988.5
2021-11-30 09:15:00,2895.15
2021-12-01 09:15:00,3011.6
2021-12-02 09:15:00,3107.1
2021-12-03 09:15:00,3086.85
2021-12-06 09:15:00,3022.85
2021-12-07 09:15:00,3047.0
2021-12-08 09:15:00,3131.3
2021-12-09 09:15:00,3132.95
2021-12-10 09:15:00,3133.9
2021-12-13 09:15:00,3223.95
2021-12-14 09:15:00,3187.6
2021-12-15 09:15:00,3208.85
2021-12-16 09:15:00,3210.2
2021-12-17 09:15:00,3263.15
2021-12-20 09:15:00,3098.15
2021-12-21 09:15:00,3107.2
2021-12-22 09:15:00,3169.2
2021-12-23 09:15:00,3186.4
2021-12-24 09:15:00,3218.0
2021-12-27 09:15:00,3230.35
2021-12-28 09:15:00,3329.85
2021-12-29 09:15:00,3310.05
2021-12-30 09:15:00,3345.6
2021-12-31 09:15:00,3396.7
2022-01-03 09:15:00,3422.65
2022-01-04 09:15:00,3395.9
2022-01-05 09:15:00,3313.55
2022-01-06 09:15:00,3257.15
2022-01-07 09:15:00,3240.2
2022-01-10 09:15:00,3200.95
2022-01-11 09:15:00,3207.45
2022-01-12 09:15:00,3217.45
2022-01-13 09:15:00,3305.9
2022-01-14 09:15:00,3263.7
2022-01-17 09:15:00,3284.65
2022-01-18 09:15:00,3201.5
2022-01-19 09:15:00,3088.25
2022-01-20 09:15:00,3051.05
2022-01-21 09:15:00,3024.6
2022-01-24 09:15:00,2947.35
2022-01-25 09:15:00,3062.25
2022-01-27 09:15:00,2934.0
2022-01-28 09:15:00,3039.3
2022-01-31 09:15:00,3106.5
2022-02-01 09:15:00,3146.95
2022-02-02 09:15:00,3127.7
2022-02-03 09:15:00,3013.75
2022-02-04 09:15:00,3051.85
2022-02-07 09:15:00,3022.4
2022-02-08 09:15:00,2981.6
2022-02-09 09:15:00,3030.25
2022-02-10 09:15:00,3110.15
2022-02-11 09:15:00,3001.55
2022-02-14 09:15:00,2899.95
2022-02-15 09:15:00,2993.9
2022-02-16 09:15:00,2988.95
2022-02-17 09:15:00,3009.55
2022-02-18 09:15:00,3021.95
2022-02-21 09:15:00,3064.9
2022-02-22 09:15:00,3122.35
2022-02-23 09:15:00,3108.4
2022-02-24 09:15:00,2951.95
2022-02-25 09:15:00,3050.4
2022-02-28 09:15:00,3108.7
2022-03-02 09:15:00,3149.65
2022-03-03 09:15:00,3145.7
2022-03-04 09:15:00,3187.15
2022-03-07 09:15:00,3126.4
2022-03-08 09:15:00,3175.3
2022-03-09 09:15:00,3214.45
2022-03-10 09:15:00,3201.9
2022-03-11 09:15:00,3285.9
2022-03-14 09:15:00,3313.15
2022-03-15 09:15:00,3187.2
2022-03-16 09:15:00,3098.0
2022-03-17 09:15:00,3106.9
2022-03-21 09:15:00,3103.9
2022-03-22 09:15:00,3186.65
2022-03-23 09:15:00,3240.9
2022-03-24 09:15:00,3333.25
2022-03-25 09:15:00,3279.15
2022-03-28 09:15:00,3338.15
2022-03-29 09:15:00,3378.05
2022-03-30 09:15:00,3429.0
2022-03-31 09:15:00,3376.85
2022-04-01 09:15:00,3344.05
2022-04-04 09:15:00,3312.45
2022-04-05 09:15:00,3318.25
2022-04-06 09:15:00,3197.75
2022-04-07 09:15:00,3165.0
2022-04-08 09:15:00,3161.15
2022-04-11 09:15:00,3129.2
2022-04-12 09:15:00,3057.3
2022-04-13 09:15:00,3050.8
2022-04-18 09:15:00,2879.9
2022-04-19 09:15:00,2857.05
2022-04-20 09:15:00,2886.05
2022-04-21 09:15:00,2900.75
2022-04-22 09:15:00,2895.85
2022-04-25 09:15:00,2794.85
2022-04-26 09:15:00,2767.5
2022-04-27 09:15:00,2797.7
2022-04-28 09:15:00,2798.05
2022-04-29 09:15:00,2843.2
2022-05-02 09:15:00,2740.1
2022-05-04 09:15:00,2683.8
2022-05-05 09:15:00,2693.15
2022-05-06 09:15:00,2694.05
2022-05-09 09:15:00,2641.55
2022-05-10 09:15:00,2650.5
2022-05-11 09:15:00,2627.45
2022-05-12 09:15:00,2512.65
2022-05-13 09:15:00,2443.7
2022-05-16 09:15:00,2477.9
2022-05-17 09:15:00,2574.7
2022-05-18 09:15:00,2643.15
2022-05-19 09:15:00,2457.65
2022-05-20 09:15:00,2459.05
2022-05-23 09:15:00,2520.1
2022-05-24 09:15:00,2488.65
2022-05-25 09:15:00,2344.65
2022-05-26 09:15:00,2399.05
2022-05-27 09:15:00,2484.15
2022-05-30 09:15:00,2586.7
2022-05-31 09:15:00,2593.55
2022-06-01 09:15:00,2529.45
2022-06-02 09:15:00,2584.5
2022-06-03 09:15:00,2568.05
2022-06-06 09:15:00,2538.1
2022-06-07 09:15:00,2506.5
2022-06-08 09:15:00,2522.4
2022-06-09 09:15:00,2592.85
2022-06-10 09:15:00,2507.85
2022-06-13 09:15:00,2365.1
2022-06-14 09:15:00,2306.35
2022-06-15 09:15:00,2338.75
2022-06-16 09:15:00,2308.85
2022-06-17 09:15:00,2193.15
2022-06-20 09:15:00,2179.05
2022-06-21 09:15:00,2285.15
2022-06-22 09:15:00,2287.05
2022-06-23 09:15:00,2310.9
2022-06-24 09:15:00,2260.65
2022-06-27 09:15:00,2338.75
2022-06-28 09:15:00,2370.95
2022-06-29 09:15:00,2314.65
2022-06-30 09:15:00,2294.05
2022-07-01 09:15:00,2241.15
2022-07-04 09:15:00,2228.75
2022-07-05 09:15:00,2169.95
2022-07-06 09:15:00,2204.3
2022-07-07 09:15:00,2209.85
2022-07-08 09:15:00,2232.8
2022-07-11 09:15:00,2201.35
2022-07-12 09:15:00,2164.95
2022-07-13 09:15:00,2147.05
2022-07-14 09:15:00,2111.2
2022-07-15 09:15:00,2141.55
2022-07-18 09:15:00,2159.0
2022-07-19 09:15:00,2146.8
2022-07-20 09:15:00,2256.35
2022-07-21 09:15:00,2259.65
2022-07-22 09:15:00,2276.45
2022-07-25 09:15:00,2322.35
2022-07-26 09:15:00,2177.55
2022-07-27 09:15:00,2217.95
2022-07-28 09:15:00,2236.2
2022-07-29 09:15:00,2299.8
2022-08-01 09:15:00,2305.95
2022-08-02 09:15:00,2282.8
2022-08-03 09:15:00,2320.0
2022-08-04 09:15:00,2371.45
2022-08-05 09:15:00,2394.85
2022-08-08 09:15:00,2391.15
2022-08-10 09:15:00,2364.4
2022-08-11 09:15:00,2424.75
2022-08-12 09:15:00,2373.95
2022-08-16 09:15:00,2353.75
2022-08-17 09:15:00,2404.4
2022-08-18 09:15:00,2411.2
2022-08-19 09:15:00,2394.15
2022-08-22 09:15:00,2346.3
2022-08-23 09:15:00,2264.95
2022-08-24 09:15:00,2220.4
2022-08-25 09:15:00,2192.95
2022-08-26 09:15:00,2166.05
2022-08-29 09:15:00,2087.3
2022-08-30 09:15:00,2130.95
2022-09-01 09:15:00,2094.6
2022-09-02 09:15:00,2072.85
2022-09-05 09:15:00,2092.4
2022-09-06 09:15:00,2061.05
2022-09-07 09:15:00,2083.95
2022-09-08 09:15:00,2096.6
2022-09-09 09:15:00,2144.85
2022-09-12 09:15:00,2160.6
2022-09-13 09:15:00,2152.1
2022-09-14 09:15:00,2089.65
2022-09-15 09:15:00,2096.65
2022-09-16 09:15:00,2016.35
2022-09-19 09:15:00,2028.15
2022-09-20 09:15:00,2072.85
2022-09-21 09:15:00,2075.1
2022-09-22 09:15:00,2058.7
2022-09-23 09:15:00,2019.45
2022-09-26 09:15:00,2042.8
2022-09-27 09:15:00,2052.75
2022-09-28 09:15:00,2082.5
2022-09-29 09:15:00,2075.95
2022-09-30 09:15:00,2087.65
2022-10-03 09:15:00,2006.3
2022-10-04 09:15:00,2068.0
2022-10-06 09:15:00,2122.05
2022-10-07 09:15:00,2118.45
2022-10-10 09:15:00,2126.5
2022-10-11 09:15:00,2093.8
2022-10-12 09:15:00,2087.6
2022-10-13 09:15:00,2086.6
2022-10-14 09:15:00,2105.7
2022-10-17 09:15:00,2100.95
2022-10-18 09:15:00,2115.0
2022-10-19 09:15:00,2109.45
2022-10-20 09:15:00,2147.4
2022-10-21 09:15:00,2042.95
2022-10-24 09:15:00,2038.0
2022-10-25 09:15:00,2034.4
2022-10-27 09:15:00,1969.95
2022-10-28 09:15:00,1947.85
2022-10-31 09:15:00,1978.5
2022-11-01 09:15:00,2011.3
2022-11-02 09:15:00,2036.15
2022-11-03 09:15:00,1989.7
2022-11-04 09:15:00,1969.8
2022-11-07 09:15:00,1981.05
2022-11-09 09:15:00,1949.65
2022-11-10 09:15:00,1928.15
2022-11-11 09:15:00,2026.65
2022-11-14 09:15:00,2035.4
2022-11-15 09:15:00,2013.65
2022-11-16 09:15:00,2036.45
2022-11-17 09:15:00,1972.55
2022-11-18 09:15:00,1948.6
2022-11-21 09:15:00,1925.4
2022-11-22 09:15:00,1923.95
2022-11-23 09:15:00,1899.65
2022-11-24 09:15:00,1941.25
2022-11-25 09:15:00,1989.55
2022-11-28 09:15:00,2011.65
2022-11-29 09:15:00,2003.65
2022-11-30 09:15:00,2017.25
2022-12-01 09:15:00,2135.2
2022-12-02 09:15:00,2157.35
2022-12-05 09:15:00,2135.95
2022-12-06 09:15:00,2095.6
2022-12-07 09:15:00,2070.25
2022-12-08 09:15:00,2080.45
2022-12-09 09:15:00,1997.3
2022-12-12 09:15:00,1998.9
2022-12-13 09:15:00,1988.85
2022-12-14 09:15:00,2000.85
2022-12-15 09:15:00,1962.35
2022-12-16 09:15:00,1913.15
2022-12-19 09:15:00,1923.05
2022-12-20 09:15:00,1950.7
2022-12-21 09:15:00,1959.35
2022-12-22 09:15:00,1989.15
2022-12-23 09:15:00,1919.45
2022-12-26 09:15:00,1916.75
2022-12-27 09:15:00,1942.0
2022-12-28 09:15:00,1940.4
2022-12-29 09:15:00,1931.6
2022-12-30 09:15:00,1972.8
2023-01-02 09:15:00,1969.4
2023-01-03 09:15:00,2004.3
2023-01-04 09:15:00,2006.35
2023-01-05 09:15:00,2013.4
2023-01-06 09:15:00,1977.7
2023-01-09 09:15:00,1999.5
2023-01-10 09:15:00,1988.75
2023-01-11 09:15:00,2029.0
2023-01-12 09:15:00,2014.4
2023-01-13 09:15:00,2035.25
2023-01-16 09:15:00,2039.9
2023-01-17 09:15:00,2041.5
2023-01-18 09:15:00,2047.05
2023-01-19 09:15:00,2067.35
2023-01-20 09:15:00,2024.65
2023-01-23 09:15:00,2058.8
2023-01-24 09:15:00,2117.2
2023-01-25 09:15:00,2070.0
2023-01-27 09:15:00,2072.4
2023-01-30 09:15:00,2116.85
2023-01-31 09:15:00,2072.8
2023-02-01 09:15:00,2072.15
2023-02-02 09:15:00,2095.8
2023-02-03 09:15:00,2087.3
2023-02-06 09:15:00,2094.6
2023-02-07 09:15:00,2091.15
2023-02-08 09:15:00,2126.8
2023-02-09 09:15:00,2140.15
2023-02-10 09:15:00,2153.35
2023-02-13 09:15:00,2128.6
2023-02-14 09:15:00,2152.15
2023-02-15 09:15:00,2158.7
2023-02-16 09:15:00,2262.55
2023-02-17 09:15:00,2236.55
2023-02-20 09:15:00,2243.1
2023-02-21 09:15:00,2210.3
2023-02-22 09:15:00,2200.0
2023-02-23 09:15:00,2183.05
2023-02-24 09:15:00,2197.95
2023-02-27 09:15:00,2039.85
2023-02-28 09:15:00,2035.4
2023-03-01 09:15:00,2060.4
2023-03-02 09:15:00,2047.2
2023-03-03 09:15:00,2079.2
2023-03-06 09:15:00,2138.45
2023-03-08 09:15:00,2144.9
2023-03-09 09:15:00,2104.9
2023-03-10 09:15:00,2038.95
2023-03-13 09:15:00,1961.75
2023-03-14 09:15:00,1896.7
2023-03-15 09:15:00,1899.35
2023-03-16 09:15:00,1905.05
2023-03-17 09:15:00,1886.4
2023-03-20 09:15:00,1823.35
2023-03-21 09:15:00,1792.3
2023-03-22 09:15:00,1799.35
2023-03-23 09:15:00,1782.85
2023-03-24 09:15:00,1737.4
2023-03-27 09:15:00,1724.75
2023-03-28 09:15:00,1669.1
2023-03-29 09:15:00,1718.2
2023-03-31 09:15:00,1795.75
2023-04-03 09:15:00,1797.65
2023-04-05 09:15:00,1815.65
2023-04-06 09:15:00,1794.1
2023-04-10 09:15:00,1811.7
2023-04-11 09:15:00,1799.05
2023-04-12 09:15:00,1820.6
2023-04-13 09:15:00,1771.05
2023-04-17 09:15:00,1736.55
2023-04-18 09:15:00,1783.8
2023-04-19 09:15:00,1784.05
2023-04-20 09:15:00,1758.0
2023-04-21 09:15:00,1759.95
2023-04-24 09:15:00,1760.3
2023-04-25 09:15:00,1759.8
2023-04-26 09:15:00,1760.0
2023-04-27 09:15:00,1784.05
2023-04-28 09:15:00,1814.45
2023-05-02 09:15:00,1861.05
2023-05-03 09:15:00,1852.4
2023-05-04 09:15:00,1844.9
2023-05-05 09:15:00,1820.0
2023-05-08 09:15:00,1850.8
2023-05-09 09:15:00,1860.2
2023-05-10 09:15:00,1865.8
2023-05-11 09:15:00,1872.2
2023-05-12 09:15:00,1852.35
2023-05-15 09:15:00,1865.05
2023-05-16 09:15:00,1880.15
2023-05-17 09:15:00,1860.65
2023-05-18 09:15:00,1862.2
2023-05-19 09:15:00,1906.5
2023-05-22 09:15:00,1968.8
2023-05-23 09:15:00,1944.25
2023-05-24 09:15:00,1947.8
2023-05-25 09:15:00,1933.9
2023-05-26 09:15:00,1974.7
2023-05-29 09:15:00,1967.85
2023-05-30 09:15:00,1974.9
2023-05-31 09:15:00,1946.85
2023-06-01 09:15:00,1977.35
2023-06-02 09:15:00,2017.65
2023-06-05 09:15:00,1987.35
2023-06-06 09:15:00,1914.4
2023-06-07 09:15:00,1908.75
2023-06-08 09:15:00,1863.85
2023-06-09 09:15:00,1853.25
2023-06-12 09:15:00,1889.95
2023-06-13 09:15:00,1898.25
2023-06-14 09:15:00,1877.25
2023-06-15 09:15:00,1875.1
2023-06-16 09:15:00,1860.05
2023-06-19 09:15:00,1873.05
2023-06-20 09:15:00,1884.5
2023-06-21 09:15:00,1876.75
2023-06-22 09:15:00,1855.05
2023-06-23 09:15:00,1831.05
2023-06-26 09:15:00,1814.0
2023-06-27 09:15:00,1839.25
2023-06-28 09:15:00,1848.8
2023-06-30 09:15:00,1895.05
2023-07-03 09:15:00,1903.35
2023-07-04 09:15:00,1915.55
2023-07-05 09:15:00,1882.05
2023-07-06 09:15:00,1882.75
2023-07-07 09:15:00,1877.5
2023-07-10 09:15:00,1884.6
2023-07-11 09:15:00,1908.85
2023-07-12 09:15:00,1904.0
2023-07-13 09:15:00,1922.2
2023-07-14 09:15:00,2069.55
2023-07-17 09:15:00,2123.75
2023-07-18 09:15:00,2123.4
2023-07-19 09:15:00,2169.8
2023-07-20 09:15:00,2213.9
2023-07-21 09:15:00,2330.85
2023-07-24 09:15:00,2272.6
2023-07-25 09:15:00,2268.1
2023-07-26 09:15:00,2254.45
2023-07-27 09:15:00,2280.95
2023-07-28 09:15:00,2250.35
2023-07-31 09:15:00,2294.95
2023-08-01 09:15:00,2294.6
2023-08-02 09:15:00,2208.0
2023-08-03 09:15:00,2236.65
2023-08-04 09:15:00,2263.65
2023-08-07 09:15:00,2330.15
2023-08-08 09:15:00,2340.15
2023-08-09 09:15:00,2363.3
2023-08-10 09:15:00,2348.9
2023-08-11 09:15:00,2329.65
2023-08-14 09:15:00,2367.55
2023-08-16 09:15:00,2314.35
2023-08-17 09:15:00,2339.9
2023-08-18 09:15:00,2291.05
2023-08-21 09:15:00,2316.9
2023-08-22 09:15:00,2368.5
2023-08-23 09:15:00,2354.2
2023-08-24 09:15:00,2463.9
2023-08-25 09:15:00,2392.1
